"year","month","accidents","fatalities","total_gdp","gdp_per_capita","unemployment","population","vehicles","inflation_rate","quarter","season","is_summer","is_winter","is_holiday","AccidentGrowthRate","FatalityGrowthRate","FatalityRate","AccidentChangeRate","FatalityChangeRate","AccidentsPerCapita","FatalitiesPerCapita","AccidentsPerVehicle","economic_crisis","covid","new_highways","speed_limits","seat_belt","helmet","alcohol","phone","licensing","airbags","abs","kid_seat","fines","pedestrians","kteo","point_system"
1996,"1",1421,146,100.664,9.489,426.8,10608821,3797234,8.2,1,"Winter",0,1,1,NA,NA,0.1027445460943,NA,NA,0.000133945138672808,1.37621324744757e-05,0.000374219761015518,0,0,0,0,0,0,0,0,0,0,0,0,0,0,0,0
1996,"2",1468,141,100.664,9.489,426.8,10608821,3797234,8.2,1,"Winter",0,1,0,0.0330752990851513,-0.0342465753424658,0.0960490463215259,0.0330752990851513,-0.0342465753424658,0.000138375414195413,1.32908265678156e-05,0.00038659719153468,0,0,0,0,0,0,0,0,0,0,0,0,0,0,0,0
1996,"3",1512,116,100.664,9.489,426.8,10608821,3797234,8.2,1,"Spring",0,0,0,0.0299727520435967,-0.177304964539007,0.0767195767195767,0.0299727520435967,-0.177304964539007,0.000142522906174023,1.0934297034515e-05,0.0003981845732973,0,0,0,0,0,0,0,0,0,0,0,0,0,0,0,0
1996,"4",1870,157,100.664,9.489,426.8,10608821,3797234,8.2,2,"Spring",0,0,0,0.236772486772487,0.353448275862069,0.0839572192513369,0.236772486772487,0.353448275862069,0.000176268409090888,1.4799005469128e-05,0.000492463724911343,0,0,0,0,0,0,0,0,0,0,0,0,0,0,0,0
1996,"5",2199,158,100.664,9.489,426.8,10608821,3797234,8.2,2,"Spring",0,0,1,0.175935828877005,0.00636942675159236,0.0718508412914961,0.175935828877005,0.00636942675159236,0.000207280337749124,1.489326665046e-05,0.000579105738545478,0,0,0,0,0,0,0,0,0,0,0,0,0,0,0,0
1996,"6",2366,186,100.664,9.489,426.8,10608821,3797234,8.2,2,"Summer",1,0,0,0.075943610732151,0.177215189873418,0.0786136939983094,0.075943610732151,0.177215189873418,0.000223021955031572,1.75325797277567e-05,0.000623085119326331,0,0,0,0,0,0,0,0,0,0,0,0,0,0,0,0
1996,"7",2484,218,100.664,9.489,426.8,10608821,3797234,8.2,3,"Summer",1,0,0,0.0498732037193576,0.172043010752688,0.0877616747181965,0.0498732037193576,0.172043010752688,0.000234144774428751,2.05489375303816e-05,0.000654160370416993,0,0,0,0,0,0,0,0,0,0,0,0,0,0,0,0
1996,"8",2380,292,100.664,9.489,426.8,10608821,3797234,8.2,3,"Summer",1,0,0,-0.0418679549114332,0.339449541284404,0.122689075630252,-0.0418679549114332,0.339449541284404,0.000224341611570221,2.75242649489514e-05,0.000626772013523528,0,0,0,0,0,0,0,0,0,0,0,0,0,0,0,0
1996,"9",2240,205,100.664,9.489,426.8,10608821,3797234,8.2,3,"Autumn",0,0,0,-0.0588235294117647,-0.297945205479452,0.0915178571428571,-0.0588235294117647,-0.297945205479452,0.000211145046183737,1.93235421730652e-05,0.000589903071551556,0,0,0,0,0,0,0,0,0,0,0,0,0,0,0,0
1996,"10",2124,189,100.664,9.489,426.8,10608821,3797234,8.2,4,"Autumn",0,0,0,-0.0517857142857143,-0.0780487804878049,0.0889830508474576,-0.0517857142857143,-0.0780487804878049,0.000200210749149222,1.78153632717528e-05,0.000559354519631922,0,0,0,0,0,0,0,0,0,0,0,0,0,0,0,0
1996,"11",1930,171,100.664,9.489,426.8,10608821,3797234,8.2,4,"Autumn",0,0,0,-0.0913370998116761,-0.0952380952380952,0.0886010362694301,-0.0913370998116761,-0.0952380952380952,0.000181924079970809,1.61186620077764e-05,0.000508264700042189,0,0,0,0,0,0,0,0,0,0,0,0,0,0,0,0
1996,"12",1781,178,100.664,9.489,426.8,10608821,3797234,8.2,4,"Winter",0,1,0,-0.0772020725388601,0.0409356725146199,0.0999438517686693,-0.0772020725388601,0.0409356725146199,0.000167879163952337,1.67784902771005e-05,0.00046902561180059,0,0,0,0,0,0,0,0,0,0,0,0,0,0,0,0
1997,"1",1625,137,111.193,10.43,426.3,10661312,4048471,5.5,1,"Winter",0,1,1,-0.0875912408759124,-0.230337078651685,0.0843076923076923,-0.0875912408759124,-0.230337078651685,0.000152420264973016,1.2850200800802e-05,0.000401386103543782,0,0,0,0,0,0,0,0,0,0,0,0,0,0,0,0
1997,"2",1605,123,111.193,10.43,426.3,10661312,4048471,5.5,1,"Winter",0,1,0,-0.0123076923076923,-0.102189781021898,0.0766355140186916,-0.0123076923076923,-0.102189781021898,0.000150544323250272,1.15370415948806e-05,0.000396445966884782,0,0,0,0,0,0,0,0,0,0,0,0,0,0,0,0
1997,"3",1831,138,111.193,10.43,426.3,10661312,4048471,5.5,1,"Spring",0,0,0,0.140809968847352,0.121951219512195,0.0753686510103768,0.140809968847352,0.121951219512195,0.000171742464717288,1.29439978869392e-05,0.000452269511131486,0,0,0,0,0,0,0,0,0,0,0,0,0,0,0,0
1997,"4",1810,188,111.193,10.43,426.3,10661312,4048471,5.5,2,"Spring",0,0,0,-0.0114691425450573,0.36231884057971,0.103867403314917,-0.0114691425450573,0.36231884057971,0.000169772725908406,1.76338521938013e-05,0.000447082367639536,0,0,0,0,0,0,0,0,0,0,0,0,0,0,0,0
1997,"5",2003,160,111.193,10.43,426.3,10661312,4048471,5.5,2,"Spring",0,0,1,0.106629834254144,-0.148936170212766,0.0798801797304044,0.106629834254144,-0.148936170212766,0.000187875563532894,1.50075337819585e-05,0.00049475468639889,0,0,0,0,0,0,0,0,0,0,0,0,0,0,0,0
1997,"6",2378,199,111.193,10.43,426.3,10661312,4048471,5.5,2,"Summer",1,0,0,0.187219171243135,0.24375,0.0836837678721615,0.187219171243135,0.24375,0.000223049470834359,1.86656201413109e-05,0.000587382248755147,0,0,0,0,0,0,0,0,0,0,0,0,0,0,0,0
1997,"7",2776,254,111.193,10.43,426.3,10661312,4048471,5.5,3,"Summer",1,0,0,0.167367535744323,0.276381909547739,0.0914985590778098,0.167367535744323,0.276381909547739,0.000260380711116981,2.38244598788592e-05,0.000685690968269255,0,0,0,0,0,0,0,0,0,0,0,0,0,0,0,0
1997,"8",2408,228,111.193,10.43,426.3,10661312,4048471,5.5,3,"Summer",1,0,0,-0.132564841498559,-0.102362204724409,0.0946843853820598,-0.132564841498559,-0.102362204724409,0.000225863383418476,2.13857356392909e-05,0.000594792453743648,0,0,0,0,0,0,0,0,0,0,0,0,0,0,0,0
1997,"9",2047,172,111.193,10.43,426.3,10661312,4048471,5.5,3,"Autumn",0,0,0,-0.149916943521595,-0.245614035087719,0.0840254030288227,-0.149916943521595,-0.245614035087719,0.000192002635322932,1.61330988156054e-05,0.000505622987048691,0,0,0,0,0,0,0,0,0,0,0,0,0,0,0,0
1997,"10",2130,204,111.193,10.43,426.3,10661312,4048471,5.5,4,"Autumn",0,0,0,0.0405471421592574,0.186046511627907,0.0957746478873239,0.0405471421592574,0.186046511627907,0.000199787793472323,1.91346055719971e-05,0.000526124554183542,0,0,0,0,0,0,0,0,0,0,0,0,0,0,0,0
1997,"11",1869,166,111.193,10.43,426.3,10661312,4048471,5.5,4,"Autumn",0,0,0,-0.122535211267606,-0.186274509803922,0.0888175494917068,-0.122535211267606,-0.186274509803922,0.000175306753990503,1.5570316298782e-05,0.000461655770783587,0,0,0,0,0,0,0,0,0,0,0,0,0,0,0,0
1997,"12",1813,136,111.193,10.43,426.3,10661312,4048471,5.5,4,"Winter",0,1,0,-0.0299625468164794,-0.180722891566265,0.0750137892995036,-0.0299625468164794,-0.180722891566265,0.000170054117166818,1.27564037146648e-05,0.000447823388138386,0,0,0,0,0,0,0,0,0,0,0,0,0,0,0,0
1998,"1",1706,156,121.086,11.295,507.9,10720566,4323118,4.8,1,"Winter",0,1,1,-0.0590182018753447,0.147058823529412,0.0914419695193435,-0.0590182018753447,0.147058823529412,0.000159133389039347,1.45514705100458e-05,0.000394622584902841,0,0,0,0,0,0,0,0,0,0,0,0,0,0,0,0
1998,"2",1615,147,121.086,11.295,507.9,10720566,4323118,4.8,1,"Winter",0,1,0,-0.0533411488862837,-0.0576923076923077,0.0910216718266254,-0.0533411488862837,-0.0576923076923077,0.000150645031241821,1.37119625960047e-05,0.000373572962847648,0,0,0,0,0,0,0,0,0,0,0,0,0,0,0,0
1998,"3",1672,137,121.086,11.295,507.9,10720566,4323118,4.8,1,"Spring",0,0,0,0.0352941176470588,-0.0680272108843537,0.0819377990430622,0.0352941176470588,-0.0680272108843537,0.000155961914697414,1.27791760248479e-05,0.000386757890948154,0,0,0,0,0,0,0,0,0,0,0,0,0,0,0,0
1998,"4",1895,163,121.086,11.295,507.9,10720566,4323118,4.8,2,"Spring",0,0,0,0.133373205741627,0.18978102189781,0.0860158311345646,0.133373205741627,0.18978102189781,0.000176763055234211,1.52044211098556e-05,0.000438341030709779,0,0,0,0,0,0,0,0,0,0,0,0,0,0,0,0
1998,"5",2098,170,121.086,11.295,507.9,10720566,4323118,4.8,2,"Spring",0,0,1,0.10712401055409,0.0429447852760736,0.0810295519542421,0.10712401055409,0.0429447852760736,0.000195698622628693,1.58573717096653e-05,0.000485297879909824,0,0,0,0,0,0,0,0,0,0,0,0,0,0,0,0
1998,"6",2459,188,121.086,11.295,507.9,10720566,4323118,4.8,2,"Summer",1,0,0,0.172068636796949,0.105882352941176,0.0764538430256202,0.172068636796949,0.105882352941176,0.000229372217847453,1.75363875377475e-05,0.000568802424546357,0,0,0,0,0,0,0,0,0,0,0,0,0,0,0,0
1998,"7",2738,242,121.086,11.295,507.9,10720566,4323118,4.8,3,"Summer",1,0,0,0.113460756405043,0.287234042553192,0.0883856829802776,0.113460756405043,0.287234042553192,0.000255396963182727,2.25734350219942e-05,0.000633339177880409,0,0,0,0,0,0,0,0,0,0,0,0,0,0,0,0
1998,"8",2579,275,121.086,11.295,507.9,10720566,4323118,4.8,3,"Summer",1,0,0,-0.0580715850986121,0.136363636363636,0.106630476929042,-0.0580715850986121,0.136363636363636,0.000240565656701335,2.56516307068116e-05,0.000596560167915842,0,0,0,0,0,0,0,0,0,0,0,0,0,0,0,0
1998,"9",2210,204,121.086,11.295,507.9,10720566,4323118,4.8,3,"Autumn",0,0,0,-0.143078712679333,-0.258181818181818,0.0923076923076923,-0.143078712679333,-0.258181818181818,0.000206145832225649,1.90288460515984e-05,0.000511205107054677,0,0,0,0,0,0,0,0,0,0,0,0,0,0,0,0
1998,"10",2303,199,121.086,11.295,507.9,10720566,4323118,4.8,4,"Autumn",0,0,0,0.0420814479638009,-0.0245098039215686,0.0864090316977855,0.0420814479638009,-0.0245098039215686,0.000214820747337407,1.856245276602e-05,0.000532717358166027,0,0,0,0,0,0,0,0,0,0,0,0,0,0,0,0
1998,"11",1801,137,121.086,11.295,507.9,10720566,4323118,4.8,4,"Autumn",0,0,0,-0.217976552323057,-0.311557788944724,0.0760688506385341,-0.217976552323057,-0.311557788944724,0.000167994861465337,1.27791760248479e-05,0.00041659746507035,0,0,0,0,0,0,0,0,0,0,0,0,0,0,0,0
1998,"12",1743,164,121.086,11.295,507.9,10720566,4323118,4.8,4,"Winter",0,1,0,-0.0322043309272626,0.197080291970803,0.0940906483075158,-0.0322043309272626,0.197080291970803,0.000162584699352627,1.52976997669713e-05,0.000403181222441765,0,0,0,0,0,0,0,0,0,0,0,0,0,0,0,0
1999,"1",1809,142,128.668,11.956,554.7,10761705,4690412,2.6,1,"Winter",0,1,1,0.0378657487091222,-0.134146341463415,0.0784964068546158,0.0378657487091222,-0.134146341463415,0.000168096040543761,1.31949351891731e-05,0.000385680405047574,0,0,0,1,1,1,1,1,1,0,0,1,0,0,1,0
1999,"2",1528,126,128.668,11.956,554.7,10761705,4690412,2.6,1,"Winter",0,1,0,-0.155334438916528,-0.112676056338028,0.0824607329842932,-0.155334438916528,-0.112676056338028,0.000141984936401806,1.17081819284212e-05,0.000325770955728409,0,0,0,1,1,1,1,1,1,0,0,1,0,0,1,0
1999,"3",1687,146,128.668,11.956,554.7,10761705,4690412,2.6,1,"Spring",0,0,0,0.104057591623037,0.158730158730159,0.0865441612329579,0.104057591623037,0.158730158730159,0.000156759546930528,1.35666235043611e-05,0.000359669896802243,0,0,0,1,1,1,1,1,1,0,0,1,0,0,1,0
1999,"4",2020,196,128.668,11.956,554.7,10761705,4690412,2.6,2,"Spring",0,0,0,0.197391819798459,0.342465753424658,0.097029702970297,0.197391819798459,0.342465753424658,0.000187702599169927,1.82127274442107e-05,0.000430665792258761,0,0,0,1,1,1,1,1,1,0,0,1,0,0,1,0
1999,"5",2098,167,128.668,11.956,554.7,10761705,4690412,2.6,2,"Spring",0,0,1,0.0386138613861386,-0.147959183673469,0.0795996186844614,0.0386138613861386,-0.147959183673469,0.000194950521316093,1.55179871590979e-05,0.000447295461464792,0,0,0,1,1,1,1,1,1,0,0,1,0,0,1,0
1999,"6",2259,189,128.668,11.956,554.7,10761705,4690412,2.6,2,"Summer",1,0,0,0.0767397521448999,0.131736526946108,0.0836653386454183,0.0767397521448999,0.131736526946108,0.000209910976002409,1.75622728926318e-05,0.000481620804313139,0,0,0,1,1,1,1,1,1,0,0,1,0,0,1,0
1999,"7",2490,237,128.668,11.956,554.7,10761705,4690412,2.6,3,"Summer",1,0,0,0.102257636122178,0.253968253968254,0.0951807228915663,0.102257636122178,0.253968253968254,0.000231375976204514,2.20225326748875e-05,0.000530870209269463,0,0,0,1,1,1,1,1,1,0,0,1,0,0,1,0
1999,"8",2409,233,128.668,11.956,554.7,10761705,4690412,2.6,3,"Summer",1,0,0,-0.0325301204819277,-0.0168776371308017,0.0967206309672063,-0.0325301204819277,-0.0168776371308017,0.000223849287821958,2.16508443596995e-05,0.000513600937401661,0,0,0,1,1,1,1,1,1,0,0,1,0,0,1,0
1999,"9",2113,155,128.668,11.956,554.7,10761705,4690412,2.6,3,"Autumn",0,0,0,-0.122872561228726,-0.334763948497854,0.0733554188357785,-0.122872561228726,-0.334763948497854,0.000196344352498047,1.4402922213534e-05,0.000450493474773645,0,0,0,1,1,1,1,1,1,0,0,1,0,0,1,0
1999,"10",2060,189,128.668,11.956,554.7,10761705,4690412,2.6,4,"Autumn",0,0,0,-0.0250828206341694,0.219354838709677,0.091747572815534,-0.0250828206341694,0.219354838709677,0.000191419482321807,1.75622728926318e-05,0.000439193827749034,0,0,0,1,1,1,1,1,1,0,0,1,0,0,1,0
1999,"11",1858,158,128.668,11.956,554.7,10761705,4690412,2.6,4,"Autumn",0,0,0,-0.0980582524271845,-0.164021164021164,0.085037674919268,-0.0980582524271845,-0.164021164021164,0.000172649222404814,1.4681688449925e-05,0.000396127248523157,0,0,0,1,1,1,1,1,1,0,0,1,0,0,1,0
1999,"12",1900,178,128.668,11.956,554.7,10761705,4690412,2.6,4,"Winter",0,1,0,0.0226049515608181,0.126582278481013,0.0936842105263158,0.0226049515608181,0.126582278481013,0.000176551949714288,1.65401300258649e-05,0.000405081685787944,0,0,0,1,1,1,1,1,1,0,0,1,0,0,1,0
2000,"1",1581,124,136.161,12.601,523.5,10805796,5060885,3.2,1,"Winter",0,1,1,-0.167894736842105,-0.303370786516854,0.0784313725490196,-0.167894736842105,-0.303370786516854,0.000146310368990864,1.1475323058107e-05,0.00031239595446251,0,0,0,1,1,1,1,1,1,0,0,1,0,0,1,0
2000,"2",1569,142,136.161,12.601,523.5,10805796,5060885,3.2,1,"Winter",0,1,0,-0.00759013282732448,0.145161290322581,0.0905035054174634,-0.00759013282732448,0.145161290322581,0.000145199853856208,1.31410957600902e-05,0.000310024827673421,0,0,0,1,1,1,1,1,1,0,0,1,0,0,1,0
2000,"3",1792,138,136.161,12.601,523.5,10805796,5060885,3.2,1,"Spring",0,0,0,0.142128744423199,-0.028169014084507,0.0770089285714286,0.142128744423199,-0.028169014084507,0.000165836926775223,1.27709240485384e-05,0.000354088267170663,0,0,0,1,1,1,1,1,1,0,0,1,0,0,1,0
2000,"4",1872,180,136.161,12.601,523.5,10805796,5060885,3.2,2,"Spring",0,0,0,0.0446428571428571,0.304347826086957,0.0961538461538462,0.0446428571428571,0.304347826086957,0.00017324036100626,1.66577270198327e-05,0.000369895779097925,0,0,0,1,1,1,1,1,1,0,0,1,0,0,1,0
2000,"5",2035,162,136.161,12.601,523.5,10805796,5060885,3.2,2,"Spring",0,0,1,0.0870726495726496,-0.1,0.0796068796068796,0.0870726495726496,-0.1,0.000188324858251997,1.49919543178494e-05,0.00040210358464972,0,0,0,1,1,1,1,1,1,0,0,1,0,0,1,0
2000,"6",2293,185,136.161,12.601,523.5,10805796,5060885,3.2,2,"Summer",1,0,0,0.126781326781327,0.141975308641975,0.0806803314435238,0.126781326781327,0.141975308641975,0.000212200933647091,1.71204416592725e-05,0.000453082810615139,0,0,0,1,1,1,1,1,1,0,0,1,0,0,1,0
2000,"7",2376,201,136.161,12.601,523.5,10805796,5060885,3.2,3,"Summer",1,0,0,0.036197121674662,0.0864864864864865,0.0845959595959596,0.036197121674662,0.0864864864864865,0.000219881996661792,1.86011285054798e-05,0.000469483104239674,0,0,0,1,1,1,1,1,1,0,0,1,0,0,1,0
2000,"8",2224,244,136.161,12.601,523.5,10805796,5060885,3.2,3,"Summer",1,0,0,-0.063973063973064,0.213930348258706,0.109712230215827,-0.063973063973064,0.213930348258706,0.000205815471622822,2.25804744046621e-05,0.000439448831577876,0,0,0,1,1,1,1,1,1,0,0,1,0,0,1,0
2000,"9",1961,174,136.161,12.601,523.5,10805796,5060885,3.2,3,"Autumn",0,0,0,-0.118255395683453,-0.286885245901639,0.0887302396736359,-0.118255395683453,-0.286885245901639,0.000181476681588288,1.61024694525049e-05,0.000387481636117003,0,0,0,1,1,1,1,1,1,0,0,1,0,0,1,0
2000,"10",1788,164,136.161,12.601,523.5,10805796,5060885,3.2,4,"Autumn",0,0,0,-0.0882202957674656,-0.0574712643678161,0.0917225950782998,-0.0882202957674656,-0.0574712643678161,0.000165466755063671,1.51770401736253e-05,0.0003532978915743,0,0,0,1,1,1,1,1,1,0,0,1,0,0,1,0
2000,"11",1760,167,136.161,12.601,523.5,10805796,5060885,3.2,4,"Autumn",0,0,0,-0.0156599552572707,0.0182926829268293,0.0948863636363636,-0.0156599552572707,0.0182926829268293,0.000162875553082809,1.54546689572892e-05,0.000347765262399758,0,0,0,1,1,1,1,1,1,0,0,1,0,0,1,0
2000,"12",1750,156,136.161,12.601,523.5,10805796,5060885,3.2,4,"Winter",0,1,0,-0.00568181818181818,-0.0658682634730539,0.0891428571428571,-0.00568181818181818,-0.0658682634730539,0.000161950123803929,1.44366967505217e-05,0.00034578932340885,0,0,0,1,1,1,1,1,1,0,0,1,0,0,1,0
2001,"1",1489,139,147.439,13.574,508.4,10862146,5389996,3.4,1,"Winter",0,1,1,-0.149142857142857,-0.108974358974359,0.0933512424445937,-0.149142857142857,-0.108974358974359,0.000137081567491359,1.27967346415708e-05,0.000276252524120612,0,0,0,1,1,1,1,1,1,0,0,1,0,0,1,0
2001,"2",1496,155,147.439,13.574,508.4,10862146,5389996,3.4,1,"Winter",0,1,0,0.00470114170584285,0.115107913669065,0.103609625668449,0.00470114170584285,0.115107913669065,0.000137726007365395,1.42697400679387e-05,0.000277551226383099,0,0,0,1,1,1,1,1,1,0,0,1,0,0,1,0
2001,"3",1768,126,147.439,13.574,508.4,10862146,5389996,3.4,1,"Spring",0,0,0,0.181818181818182,-0.187096774193548,0.0712669683257919,0.181818181818182,-0.187096774193548,0.000162767099613649,1.15999177326469e-05,0.000328015085725481,0,0,0,1,1,1,1,1,1,0,0,1,0,0,1,0
2001,"4",1559,152,147.439,13.574,508.4,10862146,5389996,3.4,2,"Spring",0,0,0,-0.118212669683258,0.206349206349206,0.0974983964079538,-0.118212669683258,0.206349206349206,0.000143525966231719,1.39935515504947e-05,0.000289239546745489,0,0,0,1,1,1,1,1,1,0,0,1,0,0,1,0
2001,"5",1753,139,147.439,13.574,508.4,10862146,5389996,3.4,2,"Spring",0,0,1,0.124438742783836,-0.0855263157894737,0.0792926411865374,0.124438742783836,-0.0855263157894737,0.000161386157026429,1.27967346415708e-05,0.000325232152305864,0,0,0,1,1,1,1,1,1,0,0,1,0,0,1,0
2001,"6",1786,153,147.439,13.574,508.4,10862146,5389996,3.4,2,"Summer",1,0,0,0.0188248716486024,0.100719424460432,0.0856662933930571,0.0188248716486024,0.100719424460432,0.000164424230718313,1.40856143896427e-05,0.000331354605829021,0,0,0,1,1,1,1,1,1,0,0,1,0,0,1,0
2001,"7",1900,188,147.439,13.574,508.4,10862146,5389996,3.4,3,"Summer",1,0,0,0.0638297872340425,0.228758169934641,0.0989473684210526,0.0638297872340425,0.228758169934641,0.000174919394381184,1.73078137598224e-05,0.000352504899818107,0,0,0,1,1,1,1,1,1,0,0,1,0,0,1,0
2001,"8",1738,200,147.439,13.574,508.4,10862146,5389996,3.4,3,"Summer",1,0,0,-0.0852631578947368,0.0638297872340425,0.115074798619102,-0.0852631578947368,0.0638297872340425,0.000160005214439209,1.84125678295983e-05,0.000322449218886248,0,0,0,1,1,1,1,1,1,0,0,1,0,0,1,0
2001,"9",1734,186,147.439,13.574,508.4,10862146,5389996,3.4,3,"Autumn",0,0,0,-0.00230149597238205,-0.07,0.107266435986159,-0.00230149597238205,-0.07,0.000159636963082617,1.71236880815264e-05,0.000321707103307683,0,0,0,1,1,1,1,1,1,0,0,1,0,0,1,0
2001,"10",1750,174,147.439,13.574,508.4,10862146,5389996,3.4,4,"Autumn",0,0,0,0.00922722029988466,-0.0645161290322581,0.0994285714285714,0.00922722029988466,-0.0645161290322581,0.000161109968508985,1.60189340117505e-05,0.000324675565621941,0,0,0,1,1,1,1,1,1,0,0,1,0,0,1,0
2001,"11",1431,152,147.439,13.574,508.4,10862146,5389996,3.4,4,"Autumn",0,0,0,-0.182285714285714,-0.126436781609195,0.106219426974144,-0.182285714285714,-0.126436781609195,0.000131741922820776,1.39935515504947e-05,0.000265491848231427,0,0,0,1,1,1,1,1,1,0,0,1,0,0,1,0
2001,"12",1267,116,147.439,13.574,508.4,10862146,5389996,3.4,4,"Winter",0,1,0,-0.114605171208945,-0.236842105263158,0.0915548539857932,-0.114605171208945,-0.236842105263158,0.000116643617200505,1.0679289341167e-05,0.000235065109510285,0,0,0,1,1,1,1,1,1,0,0,1,0,0,1,0
2002,"1",1117,97,158.902,14.576,492.6,10902005,5693008,3.6,1,"Winter",0,1,1,-0.118389897395422,-0.163793103448276,0.0868397493285586,-0.118389897395422,-0.163793103448276,0.000102458217548057,8.89744592852416e-06,0.000196205591139166,0,0,0,1,1,1,1,1,1,0,0,1,0,0,1,0
2002,"2",1277,97,158.902,14.576,492.6,10902005,5693008,3.6,1,"Winter",0,1,0,0.143240823634736,0,0.0759592795614722,0.143240823634736,0,0.000117134417017787,8.89744592852416e-06,0.00022431024161568,0,0,0,1,1,1,1,1,1,0,0,1,0,0,1,0
2002,"3",1449,125,158.902,14.576,492.6,10902005,5693008,3.6,1,"Spring",0,0,0,0.13469068128426,0.288659793814433,0.0862663906142167,0.13469068128426,0.288659793814433,0.000132911331447747,1.1465780835727e-05,0.000254522740877933,0,0,0,1,1,1,1,1,1,0,0,1,0,0,1,0
2002,"4",1322,109,158.902,14.576,492.6,10902005,5693008,3.6,2,"Spring",0,0,0,-0.0876466528640442,-0.128,0.0824508320726172,-0.0876466528640442,-0.128,0.000121262098118649,9.99816088875395e-06,0.0002322146745622,0,0,0,1,1,1,1,1,1,0,0,1,0,0,1,0
2002,"5",1507,156,158.902,14.576,492.6,10902005,5693008,3.6,2,"Spring",0,0,1,0.139939485627837,0.431192660550459,0.103516921035169,0.139939485627837,0.431192660550459,0.000138231453755525,1.43092944829873e-05,0.00026471067667567,0,0,0,1,1,1,1,1,1,0,0,1,0,0,1,0
2002,"6",1618,175,158.902,14.576,492.6,10902005,5693008,3.6,2,"Summer",1,0,0,0.0736562707365627,0.121794871794872,0.108158220024722,0.0736562707365627,0.121794871794872,0.00014841306713765,1.60520931700178e-05,0.000284208277943751,0,0,0,1,1,1,1,1,1,0,0,1,0,0,1,0
2002,"7",1663,198,158.902,14.576,492.6,10902005,5693008,3.6,3,"Summer",1,0,0,0.0278121137206428,0.131428571428571,0.119061936259772,0.0278121137206428,0.131428571428571,0.000152540748238512,1.81617968437916e-05,0.000292112710890271,0,0,0,1,1,1,1,1,1,0,0,1,0,0,1,0
2002,"8",1421,157,158.902,14.576,492.6,10902005,5693008,3.6,3,"Summer",1,0,0,-0.145520144317498,-0.207070707070707,0.110485573539761,-0.145520144317498,-0.207070707070707,0.000130342996540545,1.44010207296731e-05,0.000249604427044543,0,0,0,1,1,1,1,1,1,0,0,1,0,0,1,0
2002,"9",1411,141,158.902,14.576,492.6,10902005,5693008,3.6,3,"Autumn",0,0,0,-0.00703729767769177,-0.101910828025478,0.0999291282778172,-0.00703729767769177,-0.101910828025478,0.000129425734073686,1.29334007827001e-05,0.000247847886389761,0,0,0,1,1,1,1,1,1,0,0,1,0,0,1,0
2002,"10",1500,133,158.902,14.576,492.6,10902005,5693008,3.6,4,"Autumn",0,0,0,0.0630758327427356,-0.0567375886524823,0.0886666666666667,0.0630758327427356,-0.0567375886524823,0.000137589370028724,1.21995908092135e-05,0.000263481098217322,0,0,0,1,1,1,1,1,1,0,0,1,0,0,1,0
2002,"11",1326,117,158.902,14.576,492.6,10902005,5693008,3.6,4,"Autumn",0,0,0,-0.116,-0.120300751879699,0.0882352941176471,-0.116,-0.120300751879699,0.000121629003105392,1.07319708622405e-05,0.000232917290824113,0,0,0,1,1,1,1,1,1,0,0,1,0,0,1,0
2002,"12",1198,129,158.902,14.576,492.6,10902005,5693008,3.6,4,"Winter",0,1,0,-0.0965309200603318,0.102564102564103,0.107679465776294,-0.0965309200603318,0.102564102564103,0.000109888043529608,1.18326858224703e-05,0.000210433570442901,0,0,0,1,1,1,1,1,1,0,0,1,0,0,1,0
2003,"1",1197,111,174.096,15.931,472.6,10928091,5967610,3.5,1,"Winter",0,1,1,-0.000834724540901503,-0.13953488372093,0.0927318295739348,-0.000834724540901503,-0.13953488372093,0.000109534226975233,1.015730926838e-05,0.00020058281288489,0,0,0,1,1,1,1,1,1,0,0,1,0,0,1,0
2003,"2",952,119,174.096,15.931,472.6,10928091,5967610,3.5,1,"Winter",0,1,0,-0.204678362573099,0.0720720720720721,0.125,-0.204678362573099,0.0720720720720721,8.7114940752232e-05,1.0889367594029e-05,0.000159527851183305,0,0,0,1,1,1,1,1,1,0,0,1,0,0,1,0
2003,"3",1060,115,174.096,15.931,472.6,10928091,5967610,3.5,1,"Spring",0,0,0,0.113445378151261,-0.0336134453781513,0.108490566037736,0.113445378151261,-0.0336134453781513,9.69977281484936e-05,1.05233384312045e-05,0.000177625548586453,0,0,0,1,1,1,1,1,1,0,0,1,0,0,1,0
2003,"4",1161,119,174.096,15.931,472.6,10928091,5967610,3.5,2,"Spring",0,0,0,0.0952830188679245,0.0347826086956522,0.102497846683893,0.0952830188679245,0.0347826086956522,0.000106239964509812,1.0889367594029e-05,0.000194550247083841,0,0,0,1,1,1,1,1,1,0,0,1,0,0,1,0
2003,"5",1448,122,174.096,15.931,472.6,10928091,5967610,3.5,2,"Spring",0,0,1,0.247200689061154,0.0252100840336134,0.0842541436464088,0.247200689061154,0.0252100840336134,0.000132502556942471,1.11638894661474e-05,0.000242643202219984,0,0,0,1,1,1,1,1,1,0,0,1,0,0,1,0
2003,"6",1449,139,174.096,15.931,472.6,10928091,5967610,3.5,2,"Summer",1,0,0,0.00069060773480663,0.139344262295082,0.095928226363009,0.00069060773480663,0.139344262295082,0.000132594064233177,1.27195134081515e-05,0.000242810773492236,0,0,0,1,1,1,1,1,1,0,0,1,0,0,1,0
2003,"7",1709,181,174.096,15.931,472.6,10928091,5967610,3.5,3,"Summer",1,0,0,0.179434092477571,0.302158273381295,0.105909888823874,0.179434092477571,0.302158273381295,0.000156385959816769,1.65628196178088e-05,0.000286379304277592,0,0,0,1,1,1,1,1,1,0,0,1,0,0,1,0
2003,"8",1476,161,174.096,15.931,472.6,10928091,5967610,3.5,3,"Summer",1,0,0,-0.136337039204213,-0.110497237569061,0.109078590785908,-0.136337039204213,-0.110497237569061,0.000135064761082242,1.47326738036863e-05,0.000247335197843023,0,0,0,1,1,1,1,1,1,0,0,1,0,0,1,0
2003,"9",1380,153,174.096,15.931,472.6,10928091,5967610,3.5,3,"Autumn",0,0,0,-0.0650406504065041,-0.0496894409937888,0.110869565217391,-0.0650406504065041,-0.0496894409937888,0.000126280061174454,1.40006154780373e-05,0.000231248355706891,0,0,0,1,1,1,1,1,1,0,0,1,0,0,1,0
2003,"10",1459,132,174.096,15.931,472.6,10928091,5967610,3.5,4,"Autumn",0,0,0,0.0572463768115942,-0.137254901960784,0.0904729266620973,0.0572463768115942,-0.137254901960784,0.000133509137140238,1.20789623732086e-05,0.000244486486214749,0,0,0,1,1,1,1,1,1,0,0,1,0,0,1,0
2003,"11",1288,132,174.096,15.931,472.6,10928091,5967610,3.5,4,"Autumn",0,0,0,-0.11720356408499,0,0.102484472049689,-0.11720356408499,0,0.00011786139042949,1.20789623732086e-05,0.000215831798659765,0,0,0,1,1,1,1,1,1,0,0,1,0,0,1,0
2003,"12",1172,121,174.096,15.931,472.6,10928091,5967610,3.5,4,"Winter",0,1,0,-0.0900621118012422,-0.0833333333333333,0.103242320819113,-0.0900621118012422,-0.0833333333333333,0.00010724654470758,1.10723821754413e-05,0.000196393531078606,0,0,0,1,1,1,1,1,1,0,0,1,0,0,1,0
2004,"1",1010,111,188.905,17.243,520,10955163,6302033,2.9,1,"Winter",0,1,1,-0.138225255972696,-0.0826446280991736,0.10990099009901,-0.138225255972696,-0.0826446280991736,9.21939728327182e-05,1.0132208895477e-05,0.000160265742816643,0,0,0,1,1,1,1,1,1,0,0,1,0,0,1,0
2004,"2",1039,114,188.905,17.243,520,10955163,6302033,2.9,1,"Winter",0,1,0,0.0287128712871287,0.027027027027027,0.109720885466795,0.0287128712871287,0.027027027027027,9.48411265081131e-05,1.04060523791385e-05,0.000164867432461874,0,0,0,1,1,1,1,1,1,0,0,1,0,0,1,0
2004,"3",1164,122,188.905,17.243,520,10955163,6302033,2.9,1,"Spring",0,0,0,0.120307988450433,0.0701754385964912,0.104810996563574,0.120307988450433,0.0701754385964912,0.000106251271660677,1.11363016689026e-05,0.000184702301622349,0,0,0,1,1,1,1,1,1,0,0,1,0,0,1,0
2004,"4",1214,137,188.905,17.243,520,10955163,6302033,2.9,2,"Spring",0,0,0,0.0429553264604811,0.122950819672131,0.112850082372323,0.0429553264604811,0.122950819672131,0.000110815329721703,1.25055190872103e-05,0.00019263624928654,0,0,0,1,1,1,1,1,1,0,0,1,0,0,1,0
2004,"5",1423,144,188.905,17.243,520,10955163,6302033,2.9,2,"Spring",0,0,1,0.172158154859967,0.0510948905109489,0.101194659170766,0.172158154859967,0.0510948905109489,0.00012989309241679,1.31444872157539e-05,0.000225800150522855,0,0,0,1,1,1,1,1,1,0,0,1,0,0,1,0
2004,"6",1453,149,188.905,17.243,520,10955163,6302033,2.9,2,"Summer",1,0,0,0.0210822206605762,0.0347222222222222,0.102546455609085,0.0210822206605762,0.0347222222222222,0.000132631527253406,1.36008930218565e-05,0.000230560519121369,0,0,0,1,1,1,1,1,1,0,0,1,0,0,1,0
2004,"7",1478,158,188.905,17.243,520,10955163,6302033,2.9,3,"Summer",1,0,0,0.0172057811424639,0.0604026845637584,0.106901217861976,0.0172057811424639,0.0604026845637584,0.000134913556283918,1.44224234728411e-05,0.000234527492953464,0,0,0,1,1,1,1,1,1,0,0,1,0,0,1,0
2004,"8",1491,183,188.905,17.243,520,10955163,6302033,2.9,3,"Summer",1,0,0,0.0087956698240866,0.158227848101266,0.122736418511066,0.0087956698240866,0.158227848101266,0.000136100211379785,1.67044525033539e-05,0.000236590319346154,0,0,0,1,1,1,1,1,1,0,0,1,0,0,1,0
2004,"9",1339,164,188.905,17.243,520,10955163,6302033,2.9,3,"Autumn",0,0,0,-0.101945003353454,-0.103825136612022,0.122479462285288,-0.101945003353454,-0.103825136612022,0.000122225474874267,1.49701104401641e-05,0.000212471118447015,0,0,0,1,1,1,1,1,1,0,0,1,0,0,1,0
2004,"10",1274,137,188.905,17.243,520,10955163,6302033,2.9,4,"Autumn",0,0,0,-0.0485436893203883,-0.164634146341463,0.107535321821036,-0.0485436893203883,-0.164634146341463,0.000116292199394934,1.25055190872103e-05,0.000202156986483568,0,0,0,1,1,1,1,1,1,0,0,1,0,0,1,0
2004,"11",1268,114,188.905,17.243,520,10955163,6302033,2.9,4,"Autumn",0,0,0,-0.00470957613814757,-0.167883211678832,0.0899053627760252,-0.00470957613814757,-0.167883211678832,0.000115744512427611,1.04060523791385e-05,0.000201204912763865,0,0,0,1,1,1,1,1,1,0,0,1,0,0,1,0
2004,"12",1394,137,188.905,17.243,520,10955163,6302033,2.9,4,"Winter",0,1,0,0.0993690851735016,0.201754385964912,0.0982783357245337,0.0993690851735016,0.201754385964912,0.000127245938741395,1.25055190872103e-05,0.000221198460877625,0,0,0,1,1,1,1,1,1,0,0,1,0,0,1,0
2005,"1",1125,116,194.773,17.727,493.5,10987352,6640613,3.5,1,"Winter",0,1,1,-0.192969870875179,-0.153284671532847,0.103111111111111,-0.192969870875179,-0.153284671532847,0.000102390457682615,1.05575938588297e-05,0.00016941207084346,0,0,0,1,1,1,1,1,1,0,0,1,0,0,1,0
2005,"2",1031,106,194.773,17.727,493.5,10987352,6640613,3.5,1,"Winter",0,1,0,-0.0835555555555555,-0.0862068965517241,0.102812803103783,-0.0835555555555555,-0.0862068965517241,9.38351661073569e-05,9.64745645720643e-06,0.000155256751146317,0,0,0,1,1,1,1,1,1,0,0,1,0,0,1,0
2005,"3",1321,118,194.773,17.727,493.5,10987352,6640613,3.5,1,"Spring",0,0,0,0.281280310378274,0.113207547169811,0.0893262679788039,0.281280310378274,0.113207547169811,0.000120229150754431,1.07396213391543e-05,0.000198927418297076,0,0,0,1,1,1,1,1,1,0,0,1,0,0,1,0
2005,"4",1520,98,194.773,17.727,493.5,10987352,6640613,3.5,2,"Spring",0,0,0,0.150643451930356,-0.169491525423729,0.0644736842105263,0.150643451930356,-0.169491525423729,0.000138340885046734,8.91934653590783e-06,0.000228894531272941,0,0,0,1,1,1,1,1,1,0,0,1,0,0,1,0
2005,"5",1590,142,194.773,17.727,493.5,10987352,6640613,3.5,2,"Spring",0,0,1,0.0460526315789474,0.448979591836735,0.0893081761006289,0.0460526315789474,0.448979591836735,0.000144711846858096,1.29239511030501e-05,0.00023943572679209,0,0,0,1,1,1,1,1,1,0,0,1,0,0,1,0
2005,"6",1705,173,194.773,17.727,493.5,10987352,6640613,3.5,2,"Summer",1,0,0,0.0723270440251572,0.21830985915493,0.101466275659824,0.0723270440251572,0.21830985915493,0.000155178426976764,1.57453770480822e-05,0.000256753405144977,0,0,0,1,1,1,1,1,1,0,0,1,0,0,1,0
2005,"7",1674,170,194.773,17.727,493.5,10987352,6640613,3.5,3,"Summer",1,0,0,-0.0181818181818182,-0.0173410404624277,0.101553166069295,-0.0181818181818182,-0.0173410404624277,0.000152357001031732,1.54723358275952e-05,0.000252085161415068,0,0,0,1,1,1,1,1,1,0,0,1,0,0,1,0
2005,"8",1445,177,194.773,17.727,493.5,10987352,6640613,3.5,3,"Summer",1,0,0,-0.136798088410992,0.0411764705882353,0.122491349480969,-0.136798088410992,0.0411764705882353,0.000131514854534559,1.61094320087315e-05,0.000217600393216711,0,0,0,1,1,1,1,1,1,0,0,1,0,0,1,0
2005,"9",1450,135,194.773,17.727,493.5,10987352,6640613,3.5,3,"Autumn",0,0,0,0.00346020761245675,-0.23728813559322,0.0931034482758621,0.00346020761245675,-0.23728813559322,0.000131969923235371,1.22868549219139e-05,0.000218353335753793,0,0,0,1,1,1,1,1,1,0,0,1,0,0,1,0
2005,"10",1478,142,194.773,17.727,493.5,10987352,6640613,3.5,4,"Autumn",0,0,0,0.0193103448275862,0.0518518518518519,0.0960757780784844,0.0193103448275862,0.0518518518518519,0.000134518307959916,1.29239511030501e-05,0.000222569813961452,0,0,0,1,1,1,1,1,1,0,0,1,0,0,1,0
2005,"11",1259,135,194.773,17.727,493.5,10987352,6640613,3.5,4,"Autumn",0,0,0,-0.148173207036536,-0.0492957746478873,0.107227958697379,-0.148173207036536,-0.0492957746478873,0.000114586298864367,1.22868549219139e-05,0.000189590930837259,0,0,0,1,1,1,1,1,1,0,0,1,0,0,1,0
2005,"12",1316,146,194.773,17.727,493.5,10987352,6640613,3.5,4,"Winter",0,1,0,0.04527402700556,0.0814814814814815,0.110942249240122,0.04527402700556,0.0814814814814815,0.000119774082053619,1.32880060636994e-05,0.000198174475759994,0,0,0,1,1,1,1,1,1,0,0,1,0,0,1,0
2006,"1",1016,105,214.299,19.446,448.2,11020393,6995659,3.2,1,"Winter",0,1,1,-0.227963525835866,-0.280821917808219,0.103346456692913,-0.227963525835866,-0.280821917808219,9.21927194429455e-05,9.52779088731228e-06,0.000145232922302245,0,0,0,1,1,1,1,1,1,0,0,1,0,0,1,0
2006,"2",1078,104,214.299,19.446,448.2,11020393,6995659,3.2,1,"Winter",0,1,0,0.0610236220472441,-0.00952380952380952,0.0964749536178108,0.0610236220472441,-0.00952380952380952,9.78186531097394e-05,9.43705002171883e-06,0.000154095561261634,0,0,0,1,1,1,1,1,1,0,0,1,0,0,1,0
2006,"3",1223,118,214.299,19.446,448.2,11020393,6995659,3.2,1,"Spring",0,0,0,0.134508348794063,0.134615384615385,0.0964840556009812,0.134508348794063,0.134615384615385,0.00011097607862079,1.07074221400271e-05,0.000174822700763431,0,0,0,1,1,1,1,1,1,0,0,1,0,0,1,0
2006,"4",1335,134,214.299,19.446,448.2,11020393,6995659,3.2,2,"Spring",0,0,0,0.0915780866721177,0.135593220338983,0.100374531835206,0.0915780866721177,0.135593220338983,0.000121139055567256,1.21592759895223e-05,0.000190832629206198,0,0,0,1,1,1,1,1,1,0,0,1,0,0,1,0
2006,"5",1440,119,214.299,19.446,448.2,11020393,6995659,3.2,2,"Spring",0,0,1,0.0786516853932584,-0.111940298507463,0.0826388888888889,0.0786516853932584,-0.111940298507463,0.000130666846454568,1.07981630056206e-05,0.000205841937121292,0,0,0,1,1,1,1,1,1,0,0,1,0,0,1,0
2006,"6",1492,167,214.299,19.446,448.2,11020393,6995659,3.2,2,"Summer",1,0,0,0.0361111111111111,0.403361344537815,0.111930294906166,0.0361111111111111,0.403361344537815,0.000135385371465428,1.51537245541062e-05,0.000213275118184005,0,0,0,1,1,1,1,1,1,0,0,1,0,0,1,0
2006,"7",1567,177,214.299,19.446,448.2,11020393,6995659,3.2,3,"Summer",1,0,0,0.0502680965147453,0.0598802395209581,0.112954690491385,0.0502680965147453,0.0598802395209581,0.000142190936384937,1.60611332100407e-05,0.000223996052409073,0,0,0,1,1,1,1,1,1,0,0,1,0,0,1,0
2006,"8",1485,168,214.299,19.446,448.2,11020393,6995659,3.2,3,"Summer",1,0,0,-0.0523292916400766,-0.0508474576271186,0.113131313131313,-0.0523292916400766,-0.0508474576271186,0.000134750185406274,1.52444654196996e-05,0.000212274497656332,0,0,0,1,1,1,1,1,1,0,0,1,0,0,1,0
2006,"9",1401,170,214.299,19.446,448.2,11020393,6995659,3.2,3,"Autumn",0,0,0,-0.0565656565656566,0.0119047619047619,0.121341898643826,-0.0565656565656566,0.0119047619047619,0.000127127952696424,1.54259471508865e-05,0.000200267051324257,0,0,0,1,1,1,1,1,1,0,0,1,0,0,1,0
2006,"10",1386,130,214.299,19.446,448.2,11020393,6995659,3.2,4,"Autumn",0,0,0,-0.0107066381156317,-0.235294117647059,0.0937950937950938,-0.0107066381156317,-0.235294117647059,0.000125766839712522,1.17963125271485e-05,0.000198122864479243,0,0,0,1,1,1,1,1,1,0,0,1,0,0,1,0
2006,"11",1364,117,214.299,19.446,448.2,11020393,6995659,3.2,4,"Autumn",0,0,0,-0.0158730158730159,-0.1,0.0857771260997067,-0.0158730158730159,-0.1,0.000123770540669466,1.06166812744337e-05,0.000194978057106557,0,0,0,1,1,1,1,1,1,0,0,1,0,0,1,0
2006,"12",1232,148,214.299,19.446,448.2,11020393,6995659,3.2,4,"Winter",0,1,0,-0.0967741935483871,0.264957264957265,0.12012987012987,-0.0967741935483871,0.264957264957265,0.000111792746411131,1.34296481078306e-05,0.000176109212870439,0,0,0,1,1,1,1,1,1,0,0,1,0,0,1,0
2007,"1",1234,126,229.283,20.752,418.3,11048499,7380265,2.9,1,"Winter",0,1,1,0.00162337662337662,-0.148648648648649,0.102106969205835,0.00162337662337662,-0.148648648648649,0.000111689379706691,1.14042640543299e-05,0.000167202668196874,0,0,0,1,1,1,1,1,1,0,0,1,1,0,1,1
2007,"2",1042,105,229.283,20.752,418.3,11048499,7380265,2.9,1,"Winter",0,1,0,-0.155591572123177,-0.166666666666667,0.100767754318618,-0.155591572123177,-0.166666666666667,9.43114535286648e-05,9.50355337860826e-06,0.000141187342188932,0,0,0,1,1,1,1,1,1,0,0,1,1,0,1,1
2007,"3",1311,133,229.283,20.752,418.3,11048499,7380265,2.9,1,"Spring",0,0,0,0.258157389635317,0.266666666666667,0.101449275362319,0.258157389635317,0.266666666666667,0.000118658652184337,1.20378342795705e-05,0.000177635897897975,0,0,0,1,1,1,1,1,1,0,0,1,1,0,1,1
2007,"4",1291,137,229.283,20.752,418.3,11048499,7380265,2.9,2,"Spring",0,0,0,-0.015255530129672,0.0300751879699248,0.106119287374129,-0.015255530129672,0.0300751879699248,0.000116848451540793,1.23998744082794e-05,0.000174925968105481,0,0,0,1,1,1,1,1,1,0,0,1,1,0,1,1
2007,"5",1378,128,229.283,20.752,418.3,11048499,7380265,2.9,2,"Spring",0,0,1,0.0673896204492641,-0.0656934306569343,0.0928882438316401,0.0673896204492641,-0.0656934306569343,0.000124722824340211,1.15852841186844e-05,0.00018671416270283,0,0,0,1,1,1,1,1,1,0,0,1,1,0,1,1
2007,"6",1351,108,229.283,20.752,418.3,11048499,7380265,2.9,2,"Summer",1,0,0,-0.0195936139332366,-0.15625,0.079940784603997,-0.0195936139332366,-0.15625,0.000122279053471426,9.77508347513993e-06,0.000183055757482963,0,0,0,1,1,1,1,1,1,0,0,1,1,0,1,1
2007,"7",1561,170,229.283,20.752,418.3,11048499,7380265,2.9,3,"Summer",1,0,0,0.155440414507772,0.574074074074074,0.108904548366432,0.155440414507772,0.574074074074074,0.000141286160228643,1.53867054701277e-05,0.000211510020304149,0,0,0,1,1,1,1,1,1,0,0,1,1,0,1,1
2007,"8",1267,143,229.283,20.752,418.3,11048499,7380265,2.9,3,"Summer",1,0,0,-0.188340807174888,-0.158823529411765,0.112865035516969,-0.188340807174888,-0.158823529411765,0.00011467621076854,1.29429346013427e-05,0.000171674052354489,0,0,0,1,1,1,1,1,1,0,0,1,1,0,1,1
2007,"9",1346,146,229.283,20.752,418.3,11048499,7380265,2.9,3,"Autumn",0,0,0,0.0623520126282557,0.020979020979021,0.108469539375929,0.0623520126282557,0.020979020979021,0.00012182650331054,1.32144646978743e-05,0.00018237827503484,0,0,0,1,1,1,1,1,1,0,0,1,1,0,1,1
2007,"10",1348,145,229.283,20.752,418.3,11048499,7380265,2.9,4,"Autumn",0,0,0,0.00148588410104012,-0.00684931506849315,0.107566765578635,0.00148588410104012,-0.00684931506849315,0.000122007523374895,1.31239546656971e-05,0.000182649268014089,0,0,0,1,1,1,1,1,1,0,0,1,1,0,1,1
2007,"11",1208,125,229.283,20.752,418.3,11048499,7380265,2.9,4,"Autumn",0,0,0,-0.103857566765579,-0.137931034482759,0.103476821192053,-0.103857566765579,-0.137931034482759,0.000109336118870084,1.13137540221527e-05,0.000163679759466632,0,0,0,1,1,1,1,1,1,0,0,1,1,0,1,1
2007,"12",1162,146,229.283,20.752,418.3,11048499,7380265,2.9,4,"Winter",0,1,0,-0.0380794701986755,0.168,0.125645438898451,-0.0380794701986755,0.168,0.000105172657389931,1.32144646978743e-05,0.000157446920943896,0,0,0,1,1,1,1,1,1,0,0,1,1,0,1,1
2008,"1",965,104,238.735,21.551,387.9,11077863,7729262,4.2,1,"Winter",0,1,1,-0.169535283993115,-0.287671232876712,0.107772020725389,-0.169535283993115,-0.287671232876712,8.71106638527666e-05,9.38809227014272e-06,0.000124850212090106,0,0,0,1,1,1,1,1,1,0,0,1,1,0,1,1
2008,"2",958,92,238.735,21.551,387.9,11077863,7729262,4.2,1,"Winter",0,1,0,-0.00725388601036269,-0.115384615384615,0.0960334029227557,-0.00725388601036269,-0.115384615384615,8.64787730268916e-05,8.30485085435702e-06,0.000123944562883235,0,0,0,1,1,1,1,1,1,0,0,1,1,0,1,1
2008,"3",1088,120,238.735,21.551,387.9,11077863,7729262,4.2,1,"Spring",0,0,0,0.135699373695198,0.304347826086957,0.110294117647059,0.135699373695198,0.304347826086957,9.821388836457e-05,1.0832414157857e-05,0.000140763762439415,0,0,0,1,1,1,1,1,1,0,0,1,1,0,1,1
2008,"4",1203,127,238.735,21.551,387.9,11077863,7729262,4.2,2,"Spring",0,0,0,0.105698529411765,0.0583333333333333,0.105569409808811,0.105698529411765,0.0583333333333333,0.000108594951932516,1.1464304983732e-05,0.000155642285123728,0,0,0,1,1,1,1,1,1,0,0,1,1,0,1,1
2008,"5",1365,116,238.735,21.551,387.9,11077863,7729262,4.2,2,"Spring",0,0,1,0.134663341645885,-0.0866141732283465,0.084981684981685,0.134663341645885,-0.0866141732283465,0.000123218711045623,1.04713336859284e-05,0.000176601595339891,0,0,0,1,1,1,1,1,1,0,0,1,1,0,1,1
2008,"6",1511,152,238.735,21.551,387.9,11077863,7729262,4.2,2,"Summer",1,0,0,0.106959706959707,0.310344827586207,0.100595632031767,0.106959706959707,0.310344827586207,0.000136398148271016,1.37210579332855e-05,0.000195490850226063,0,0,0,1,1,1,1,1,1,0,0,1,1,0,1,1
2008,"7",1504,150,238.735,21.551,387.9,11077863,7729262,4.2,3,"Summer",1,0,0,-0.00463269358041032,-0.0131578947368421,0.0997340425531915,-0.00463269358041032,-0.0131578947368421,0.000135766257445141,1.35405176973212e-05,0.000194585201019192,0,0,0,1,1,1,1,1,1,0,0,1,1,0,1,1
2008,"8",1328,207,238.735,21.551,387.9,11077863,7729262,4.2,3,"Summer",1,0,0,-0.117021276595745,0.38,0.155873493975904,-0.117021276595745,0.38,0.000119878716680284,1.86859144223033e-05,0.000171814592389286,0,0,0,1,1,1,1,1,1,0,0,1,1,0,1,1
2008,"9",1329,132,238.735,21.551,387.9,11077863,7729262,4.2,3,"Autumn",0,0,0,0.000753012048192771,-0.36231884057971,0.0993227990970655,0.000753012048192771,-0.36231884057971,0.000119968986798266,1.19156555736427e-05,0.000171943970847411,0,0,0,1,1,1,1,1,1,0,0,1,1,0,1,1
2008,"10",1452,140,238.735,21.551,387.9,11077863,7729262,4.2,4,"Autumn",0,0,0,0.0925507900677201,0.0606060606060606,0.0964187327823691,0.0925507900677201,0.0606060606060606,0.000131072211310069,1.26378165174998e-05,0.00018785752119672,0,0,0,1,1,1,1,1,1,0,0,1,1,0,1,1
2008,"11",1263,109,238.735,21.551,387.9,11077863,7729262,4.2,4,"Autumn",0,0,0,-0.130165289256198,-0.221428571428571,0.0863024544734759,-0.130165289256198,-0.221428571428571,0.000114011159011445,9.83944286005342e-06,0.000163404992611196,0,0,0,1,1,1,1,1,1,0,0,1,1,0,1,1
2008,"12",1117,104,238.735,21.551,387.9,11077863,7729262,4.2,4,"Winter",0,1,0,-0.115597783056215,-0.0458715596330275,0.0931065353625783,-0.115597783056215,-0.0458715596330275,0.000100831721786052,9.38809227014272e-06,0.000144515737725025,0,0,0,1,1,1,1,1,1,0,0,1,1,0,1,1
2009,"1",1037,98,234.323,21.097,484.7,11107024,7910565,1.2,1,"Winter",0,1,1,-0.0716204118173679,-0.0576923076923077,0.09450337512054,-0.0716204118173679,-0.0576923076923077,9.33643431399806e-05,8.8232455426404e-06,0.000131090509969895,1,0,0,1,1,1,1,1,1,1,1,1,1,0,1,1
2009,"2",1068,108,234.323,21.097,484.7,11107024,7910565,1.2,1,"Winter",0,1,0,0.029893924783028,0.102040816326531,0.101123595505618,0.029893924783028,0.102040816326531,9.6155369791224e-05,9.72357672046085e-06,0.000135009319814704,1,0,0,1,1,1,1,1,1,1,1,1,1,0,1,1
2009,"3",1206,107,234.323,21.097,484.7,11107024,7910565,1.2,1,"Spring",0,0,0,0.129213483146067,-0.00925925925925926,0.0887230514096186,0.129213483146067,-0.00925925925925926,0.000108579940045146,9.63354360267881e-06,0.000152454344285143,1,0,0,1,1,1,1,1,1,1,1,1,1,0,1,1
2009,"4",1216,114,234.323,21.097,484.7,11107024,7910565,1.2,2,"Spring",0,0,0,0.00829187396351575,0.0654205607476635,0.09375,0.00829187396351575,0.0654205607476635,0.000109480271222967,1.02637754271531e-05,0.000153718476493146,1,0,0,1,1,1,1,1,1,1,1,1,1,0,1,1
2009,"5",1381,120,234.323,21.097,484.7,11107024,7910565,1.2,2,"Spring",0,0,1,0.135690789473684,0.0526315789473684,0.0868935553946416,0.135690789473684,0.0526315789473684,0.000124335735657004,1.08039741338454e-05,0.000174576657925192,1,0,0,1,1,1,1,1,1,1,1,1,1,0,1,1
2009,"6",1407,140,234.323,21.097,484.7,11107024,7910565,1.2,2,"Summer",1,0,0,0.0188269370021723,0.166666666666667,0.0995024875621891,0.0188269370021723,0.166666666666667,0.000126676596719337,1.26046364894863e-05,0.000177863401666,1,0,0,1,1,1,1,1,1,1,1,1,1,0,1,1
2009,"7",1510,144,234.323,21.097,484.7,11107024,7910565,1.2,3,"Summer",1,0,0,0.0732054015636105,0.0285714285714286,0.095364238410596,0.0732054015636105,0.0285714285714286,0.000135950007850888,1.29647689606145e-05,0.000190883963408429,1,0,0,1,1,1,1,1,1,1,1,1,1,0,1,1
2009,"8",1256,137,234.323,21.097,484.7,11107024,7910565,1.2,3,"Summer",1,0,0,-0.168211920529801,-0.0486111111111111,0.109076433121019,-0.168211920529801,-0.0486111111111111,0.000113081595934248,1.23345371361402e-05,0.000158775005325157,1,0,0,1,1,1,1,1,1,1,1,1,1,0,1,1
2009,"9",1202,141,234.323,21.097,484.7,11107024,7910565,1.2,3,"Autumn",0,0,0,-0.0429936305732484,0.0291970802919708,0.117304492512479,-0.0429936305732484,0.0291970802919708,0.000108219807574018,1.26946696072683e-05,0.000151948691401942,1,0,0,1,1,1,1,1,1,1,1,1,1,0,1,1
2009,"10",1240,154,234.323,21.097,484.7,11107024,7910565,1.2,4,"Autumn",0,0,0,0.0316139767054908,0.0921985815602837,0.124193548387097,0.0316139767054908,0.0921985815602837,0.000111641066049736,1.38651001384349e-05,0.000156752393792352,1,0,0,1,1,1,1,1,1,1,1,1,1,0,1,1
2009,"11",1161,94,234.323,21.097,484.7,11107024,7910565,1.2,4,"Autumn",0,0,0,-0.0637096774193548,-0.38961038961039,0.0809646856158484,-0.0637096774193548,-0.38961038961039,0.000104528449744954,8.46311307151222e-06,0.00014676574934913,1,0,0,1,1,1,1,1,1,1,1,1,1,0,1,1
2009,"12",1105,99,234.323,21.097,484.7,11107024,7910565,1.2,4,"Winter",0,1,0,-0.0482342807924203,0.0531914893617021,0.0895927601809955,-0.0482342807924203,0.0531914893617021,9.94865951491597e-05,8.91327866042245e-06,0.000139686608984314,1,0,0,1,1,1,1,1,1,1,1,1,1,0,1,1
2010,"1",1082,85,223.59,20.105,639.4,11121383,8062085,4.7,1,"Winter",0,1,1,-0.020814479638009,-0.141414141414141,0.0785582255083179,-0.020814479638009,-0.141414141414141,9.72900582598405e-05,7.64293433649394e-06,0.000134208458481894,1,0,0,1,1,1,1,1,1,1,1,1,1,0,1,1
2010,"2",1130,79,223.59,20.105,639.4,11121383,8062085,4.7,1,"Winter",0,1,0,0.044362292051756,-0.0705882352941176,0.0699115044247788,0.044362292051756,-0.0705882352941176,0.000101606068238096,7.10343308921202e-06,0.000140162253312884,1,0,0,1,1,1,1,1,1,1,1,1,1,0,1,1
2010,"3",1299,103,223.59,20.105,639.4,11121383,8062085,4.7,1,"Spring",0,0,0,0.149557522123894,0.30379746835443,0.0792917628945343,0.149557522123894,0.30379746835443,0.000116802020036537,9.26143807833972e-06,0.00016112457261366,1,0,0,1,1,1,1,1,1,1,1,1,1,0,1,1
2010,"4",1279,96,223.59,20.105,639.4,11121383,8062085,4.7,2,"Spring",0,0,0,-0.0153964588144727,-0.0679611650485437,0.0750586395621579,-0.0153964588144727,-0.0679611650485437,0.000115003682545597,8.6320199565108e-06,0.000158643824767414,1,0,0,1,1,1,1,1,1,1,1,1,1,0,1,1
2010,"5",1424,100,223.59,20.105,639.4,11121383,8062085,4.7,2,"Spring",0,0,1,0.113369820172009,0.0416666666666667,0.0702247191011236,0.113369820172009,0.0416666666666667,0.00012804162935491,8.99168745469876e-06,0.000176629246652696,1,0,0,1,1,1,1,1,1,1,1,1,1,0,1,1
2010,"6",1380,108,223.59,20.105,639.4,11121383,8062085,4.7,2,"Summer",1,0,0,-0.0308988764044944,0.08,0.0782608695652174,-0.0308988764044944,0.08,0.000124085286874843,9.71102245107465e-06,0.000171171601390955,1,0,0,1,1,1,1,1,1,1,1,1,1,0,1,1
2010,"7",1384,105,223.59,20.105,639.4,11121383,8062085,4.7,3,"Summer",1,0,0,0.00289855072463768,-0.0277777777777778,0.0758670520231214,0.00289855072463768,-0.0277777777777778,0.000124444954373031,9.44127182743369e-06,0.000171667750960204,1,0,0,1,1,1,1,1,1,1,1,1,1,0,1,1
2010,"8",1315,149,223.59,20.105,639.4,11121383,8062085,4.7,3,"Summer",1,0,0,-0.0498554913294798,0.419047619047619,0.113307984790875,-0.0498554913294798,0.419047619047619,0.000118240690029289,1.33976143075011e-05,0.000163109170890657,1,0,0,1,1,1,1,1,1,1,1,1,1,0,1,1
2010,"9",1244,117,223.59,20.105,639.4,11121383,8062085,4.7,3,"Autumn",0,0,0,-0.0539923954372624,-0.214765100671141,0.0940514469453376,-0.0539923954372624,-0.214765100671141,0.000111856591936453,1.05202743219975e-05,0.000154302516036484,1,0,0,1,1,1,1,1,1,1,1,1,1,0,1,1
2010,"10",1174,123,223.59,20.105,639.4,11121383,8062085,4.7,4,"Autumn",0,0,0,-0.0562700964630225,0.0512820512820513,0.104770017035775,-0.0562700964630225,0.0512820512820513,0.000105562410718163,1.10597755692795e-05,0.000145619898574624,1,0,0,1,1,1,1,1,1,1,1,1,1,0,1,1
2010,"11",1137,88,223.59,20.105,639.4,11121383,8062085,4.7,4,"Autumn",0,0,0,-0.0315161839863714,-0.284552845528455,0.0773966578715919,-0.0315161839863714,-0.284552845528455,0.000102235486359925,7.9126849601349e-06,0.00014103051505907,1,0,0,1,1,1,1,1,1,1,1,1,1,0,1,1
2010,"12",1184,105,223.59,20.105,639.4,11121383,8062085,4.7,4,"Winter",0,1,0,0.0413368513632366,0.193181818181818,0.0886824324324324,0.0413368513632366,0.193181818181818,0.000106461579463633,9.44127182743369e-06,0.000146860272497747,1,0,0,1,1,1,1,1,1,1,1,1,1,0,1,1
2011,"1",964,67,203.475,18.323,881.8,11104944,8086910,3.3,1,"Winter",0,1,1,-0.185810810810811,-0.361904761904762,0.0695020746887967,-0.185810810810811,-0.361904761904762,8.68081820133447e-05,6.03334874989014e-06,0.000119204986824387,1,0,0,1,1,1,1,1,1,1,1,1,1,1,1,1
2011,"2",943,70,203.475,18.323,881.8,11104944,8086910,3.3,1,"Winter",0,1,0,-0.0217842323651452,0.0447761194029851,0.0742311770943796,-0.0217842323651452,0.0447761194029851,8.49171324051702e-05,6.30349869391507e-06,0.00011660819769232,1,0,0,1,1,1,1,1,1,1,1,1,1,1,1,1
2011,"3",965,85,203.475,18.323,881.8,11104944,8086910,3.3,1,"Spring",0,0,0,0.0233297985153765,0.214285714285714,0.0880829015544041,0.0233297985153765,0.214285714285714,8.68982319946863e-05,7.65424841403973e-06,0.000119328643449723,1,0,0,1,1,1,1,1,1,1,1,1,1,1,1,1
2011,"4",1152,85,203.475,18.323,881.8,11104944,8086910,3.3,2,"Spring",0,0,0,0.193782383419689,0,0.0737847222222222,0.193782383419689,0,0.000103737578505574,7.65424841403973e-06,0.000142452432387649,1,0,0,1,1,1,1,1,1,1,1,1,1,1,1,1
2011,"5",1184,71,203.475,18.323,881.8,11104944,8086910,3.3,2,"Spring",0,0,1,0.0277777777777778,-0.164705882352941,0.0599662162162162,0.0277777777777778,-0.164705882352941,0.000106619177908506,6.39354867525671e-06,0.000146409444398417,1,0,0,1,1,1,1,1,1,1,1,1,1,1,1,1
2011,"6",1363,106,203.475,18.323,881.8,11104944,8086910,3.3,2,"Summer",1,0,0,0.151182432432432,0.492957746478873,0.0777696258253852,0.151182432432432,0.492957746478873,0.000122738124568661,9.54529802221425e-06,0.00016854398033365,1,0,0,1,1,1,1,1,1,1,1,1,1,1,1,1
2011,"7",1382,130,203.475,18.323,881.8,11104944,8086910,3.3,3,"Summer",1,0,0,0.0139398385913426,0.226415094339623,0.0940665701881331,0.0139398385913426,0.226415094339623,0.000124449074214152,1.17064975744137e-05,0.000170893456215044,1,0,0,1,1,1,1,1,1,1,1,1,1,1,1,1
2011,"8",1235,119,203.475,18.323,881.8,11104944,8086910,3.3,3,"Summer",1,0,0,-0.106367583212735,-0.0846153846153846,0.0963562753036437,-0.106367583212735,-0.0846153846153846,0.00011121172695693,1.07159477796556e-05,0.000152715932290578,1,0,0,1,1,1,1,1,1,1,1,1,1,1,1,1
2011,"9",1216,112,203.475,18.323,881.8,11104944,8086910,3.3,3,"Autumn",0,0,0,-0.0153846153846154,-0.0588235294117647,0.0921052631578947,-0.0153846153846154,-0.0588235294117647,0.000109500777311439,1.00855979102641e-05,0.000150366456409185,1,0,0,1,1,1,1,1,1,1,1,1,1,1,1,1
2011,"10",1166,106,203.475,18.323,881.8,11104944,8086910,3.3,4,"Autumn",0,0,0,-0.0411184210526316,-0.0535714285714286,0.0909090909090909,-0.0411184210526316,-0.0535714285714286,0.000104998278244357,9.54529802221425e-06,0.00014418362514236,1,0,0,1,1,1,1,1,1,1,1,1,1,1,1,1
2011,"11",1124,93,203.475,18.323,881.8,11104944,8086910,3.3,4,"Autumn",0,0,0,-0.0360205831903945,-0.122641509433962,0.0827402135231317,-0.0360205831903945,-0.122641509433962,0.000101216179028008,8.37464826477288e-06,0.000138990046878227,1,0,0,1,1,1,1,1,1,1,1,1,1,1,1,1
2011,"12",1155,97,203.475,18.323,881.8,11104944,8086910,3.3,4,"Winter",0,1,0,0.0275800711743772,0.043010752688172,0.083982683982684,0.0275800711743772,0.043010752688172,0.000104007728449599,8.73484819013945e-06,0.000142823402263658,1,0,0,1,1,1,1,1,1,1,1,1,1,1,1,1
2012,"1",879,75,185.899,16.831,1195.1,11045010,8069872,1.5,1,"Winter",0,1,1,-0.238961038961039,-0.22680412371134,0.0853242320819113,-0.238961038961039,-0.22680412371134,7.95834499018109e-05,6.79039674930127e-06,0.000108923660747035,1,0,0,1,1,1,1,1,1,1,1,1,1,1,1,1
2012,"2",705,60,185.899,16.831,1195.1,11045010,8069872,1.5,1,"Winter",0,1,0,-0.197952218430034,-0.2,0.0851063829787234,-0.197952218430034,-0.2,6.38297294434319e-05,5.43231739944101e-06,8.73619804626393e-05,1,0,0,1,1,1,1,1,1,1,1,1,1,1,1,1
2012,"3",983,71,185.899,16.831,1195.1,11045010,8069872,1.5,1,"Spring",0,0,0,0.394326241134752,0.183333333333333,0.0722278738555443,0.394326241134752,0.183333333333333,8.89994667275086e-05,6.4282422560052e-06,0.000121811101836559,1,0,0,1,1,1,1,1,1,1,1,1,1,1,1,1
2012,"4",1036,70,185.899,16.831,1195.1,11045010,8069872,1.5,2,"Spring",0,0,0,0.0539165818921668,-0.0140845070422535,0.0675675675675676,0.0539165818921668,-0.0140845070422535,9.37980137636815e-05,6.33770363268118e-06,0.000128378740084105,1,0,0,1,1,1,1,1,1,1,1,1,1,1,1,1
2012,"5",1048,82,185.899,16.831,1195.1,11045010,8069872,1.5,2,"Spring",0,0,1,0.0115830115830116,0.171428571428571,0.0782442748091603,0.0115830115830116,0.171428571428571,9.48844772435697e-05,7.42416711256939e-06,0.000129865752517512,1,0,0,1,1,1,1,1,1,1,1,1,1,1,1,1
2012,"6",1203,83,185.899,16.831,1195.1,11045010,8069872,1.5,2,"Summer",1,0,0,0.147900763358779,0.0121951219512195,0.0689941812136326,0.147900763358779,0.0121951219512195,0.000108917963858792,7.5147057358934e-06,0.000149072996449014,1,0,0,1,1,1,1,1,1,1,1,1,1,1,1,1
2012,"7",1250,105,185.899,16.831,1195.1,11045010,8069872,1.5,3,"Summer",1,0,0,0.0390689941812136,0.265060240963855,0.084,0.0390689941812136,0.265060240963855,0.000113173279155021,9.50655544902178e-06,0.000154897128479857,1,0,0,1,1,1,1,1,1,1,1,1,1,1,1,1
2012,"8",1054,95,185.899,16.831,1195.1,11045010,8069872,1.5,3,"Summer",1,0,0,-0.1568,-0.0952380952380952,0.0901328273244782,-0.1568,-0.0952380952380952,9.54277089835138e-05,8.60116921578161e-06,0.000130609258734215,1,0,0,1,1,1,1,1,1,1,1,1,1,1,1,1
2012,"9",1105,94,185.899,16.831,1195.1,11045010,8069872,1.5,3,"Autumn",0,0,0,0.0483870967741935,-0.0105263157894737,0.0850678733031674,0.0483870967741935,-0.0105263157894737,0.000100045178773039,8.51063059245759e-06,0.000136929061576194,1,0,0,1,1,1,1,1,1,1,1,1,1,1,1,1
2012,"10",1162,96,185.899,16.831,1195.1,11045010,8069872,1.5,4,"Autumn",0,0,0,0.0515837104072398,0.0212765957446809,0.0826161790017212,0.0515837104072398,0.0212765957446809,0.000105205880302508,8.69170783910562e-06,0.000143992370634875,1,0,0,1,1,1,1,1,1,1,1,1,1,1,1,1
2012,"11",1006,79,185.899,16.831,1195.1,11045010,8069872,1.5,4,"Autumn",0,0,0,-0.134251290877797,-0.177083333333333,0.0785288270377734,-0.134251290877797,-0.177083333333333,9.1081855063961e-05,7.15255124259734e-06,0.000124661209000589,1,0,0,1,1,1,1,1,1,1,1,1,1,1,1,1
2012,"12",967,78,185.899,16.831,1195.1,11045010,8069872,1.5,4,"Winter",0,1,0,-0.0387673956262425,-0.0126582278481013,0.0806618407445708,-0.0387673956262425,-0.0126582278481013,8.75508487543244e-05,7.06201261927332e-06,0.000119828418592017,1,0,0,1,1,1,1,1,1,1,1,1,1,1,1,1
2013,"1",861,69,178.114,16.244,1330.3,10965214,8035423,-0.9,1,"Winter",0,1,1,-0.109617373319545,-0.115384615384615,0.0801393728222996,-0.109617373319545,-0.115384615384615,7.85210393522644e-05,6.29262684704557e-06,0.000107150550755075,1,0,0,1,1,1,1,1,1,1,1,1,1,1,1,1
2013,"2",800,55,178.114,16.244,1330.3,10965214,8035423,-0.9,1,"Winter",0,1,0,-0.0708478513356562,-0.202898550724638,0.06875,-0.0708478513356562,-0.202898550724638,7.29579924295139e-05,5.01586197952908e-06,9.95591644646461e-05,1,0,0,1,1,1,1,1,1,1,1,1,1,1,1,1
2013,"3",948,55,178.114,16.244,1330.3,10965214,8035423,-0.9,1,"Spring",0,0,0,0.185,0,0.0580168776371308,0.185,0,8.6455221028974e-05,5.01586197952908e-06,0.000117977609890606,1,0,0,1,1,1,1,1,1,1,1,1,1,1,1,1
2013,"4",1031,70,178.114,16.244,1330.3,10965214,8035423,-0.9,2,"Spring",0,0,0,0.0875527426160338,0.272727272727273,0.0678952473326867,0.0875527426160338,0.272727272727273,9.40246127435361e-05,6.38382433758247e-06,0.000128306873203813,1,0,0,1,1,1,1,1,1,1,1,1,1,1,1,1
2013,"5",1058,55,178.114,16.244,1330.3,10965214,8035423,-0.9,2,"Spring",0,0,1,0.026188166828322,-0.214285714285714,0.0519848771266541,0.026188166828322,-0.214285714285714,9.64869449880322e-05,5.01586197952908e-06,0.000131666995004494,1,0,0,1,1,1,1,1,1,1,1,1,1,1,1,1
2013,"6",1077,79,178.114,16.244,1330.3,10965214,8035423,-0.9,2,"Summer",1,0,0,0.0179584120982987,0.436363636363636,0.0733519034354689,0.0179584120982987,0.436363636363636,9.82196973082331e-05,7.2046017524145e-06,0.00013403152516053,1,0,0,1,1,1,1,1,1,1,1,1,1,1,1,1
2013,"7",1147,85,178.114,16.244,1330.3,10965214,8035423,-0.9,3,"Summer",1,0,0,0.0649953574744661,0.0759493670886076,0.0741063644289451,0.0649953574744661,0.0759493670886076,0.000104603521645816,7.75178669563585e-06,0.000142742952051186,1,0,0,1,1,1,1,1,1,1,1,1,1,1,1,1
2013,"8",1052,119,178.114,16.244,1330.3,10965214,8035423,-0.9,3,"Summer",1,0,0,-0.0828247602441151,0.4,0.113117870722433,-0.0828247602441151,0.4,9.59397600448108e-05,1.08525013738902e-05,0.00013092030127101,1,0,0,1,1,1,1,1,1,1,1,1,1,1,1,1
2013,"9",1091,93,178.114,16.244,1330.3,10965214,8035423,-0.9,3,"Autumn",0,0,0,0.0370722433460076,-0.218487394957983,0.0852428964252979,0.0370722433460076,-0.218487394957983,9.94964621757496e-05,8.48136661993099e-06,0.000135773810538661,1,0,0,1,1,1,1,1,1,1,1,1,1,1,1,1
2013,"10",1139,69,178.114,16.244,1330.3,10965214,8035423,-0.9,4,"Autumn",0,0,0,0.0439963336388634,-0.258064516129032,0.0605794556628622,0.0439963336388634,-0.258064516129032,0.00010387394172152,6.29262684704557e-06,0.00014174736040654,1,0,0,1,1,1,1,1,1,1,1,1,1,1,1,1
2013,"11",938,67,178.114,16.244,1330.3,10965214,8035423,-0.9,4,"Autumn",0,0,0,-0.176470588235294,-0.0289855072463768,0.0714285714285714,-0.176470588235294,-0.0289855072463768,8.55432461236051e-05,6.11023186597179e-06,0.000116733120334798,1,0,0,1,1,1,1,1,1,1,1,1,1,1,1,1
2013,"12",967,63,178.114,16.244,1330.3,10965214,8035423,-0.9,4,"Winter",0,1,0,0.0309168443496802,-0.0597014925373134,0.0651499482936918,0.0309168443496802,-0.0597014925373134,8.81879733491749e-05,5.74544190382422e-06,0.000120342140046641,1,0,0,1,1,1,1,1,1,1,1,1,1,1,1,1
2014,"1",860,54,176.072,16.165,1274.4,10892381,8048438,-1.3,1,"Winter",0,1,1,-0.110651499482937,-0.142857142857143,0.0627906976744186,-0.110651499482937,-0.142857142857143,7.89542708798012e-05,4.95759375291775e-06,0.000106853031606878,1,0,0,1,1,1,1,1,1,1,1,1,1,1,1,1
2014,"2",859,51,176.072,16.165,1274.4,10892381,8048438,-1.3,1,"Winter",0,1,0,-0.00116279069767442,-0.0555555555555556,0.0593713620488941,-0.00116279069767442,-0.0555555555555556,7.88624635880805e-05,4.68217187775565e-06,0.000106728783895707,1,0,0,1,1,1,1,1,1,1,1,1,1,1,1,1
2014,"3",893,50,176.072,16.165,1274.4,10892381,8048438,-1.3,1,"Spring",0,0,0,0.039580908032596,-0.0196078431372549,0.0559910414333707,0.039580908032596,-0.0196078431372549,8.19839115065843e-05,4.59036458603495e-06,0.000110953206075514,1,0,0,1,1,1,1,1,1,1,1,1,1,1,1,1
2014,"4",881,56,176.072,16.165,1274.4,10892381,8048438,-1.3,2,"Spring",0,0,0,-0.013437849944009,0.12,0.0635641316685585,-0.013437849944009,0.12,8.08822240059359e-05,5.14120833635915e-06,0.000109462233541465,1,0,0,1,1,1,1,1,1,1,1,1,1,1,1,1
2014,"5",1105,67,176.072,16.165,1274.4,10892381,8048438,-1.3,2,"Spring",0,0,1,0.254256526674234,0.196428571428571,0.0606334841628959,0.254256526674234,0.196428571428571,0.000101447057351372,6.15108854528684e-06,0.000137293720843721,1,0,0,1,1,1,1,1,1,1,1,1,1,1,1,1
2014,"6",1119,70,176.072,16.165,1274.4,10892381,8048438,-1.3,2,"Summer",1,0,0,0.0126696832579186,0.0447761194029851,0.0625558534405719,0.0126696832579186,0.0447761194029851,0.000102732359435462,6.42651042044894e-06,0.000139033188800113,1,0,0,1,1,1,1,1,1,1,1,1,1,1,1,1
2014,"7",1159,79,176.072,16.165,1274.4,10892381,8048438,-1.3,3,"Summer",1,0,0,0.0357462019660411,0.128571428571429,0.0681622088006903,0.0357462019660411,0.128571428571429,0.00010640465110429,7.25277604593523e-06,0.000144003097246944,1,0,0,1,1,1,1,1,1,1,1,1,1,1,1,1
2014,"8",1049,87,176.072,16.165,1274.4,10892381,8048438,-1.3,3,"Summer",1,0,0,-0.094909404659189,0.10126582278481,0.0829361296472831,-0.094909404659189,0.10126582278481,9.63058490150133e-05,7.98723437970082e-06,0.000130335849018157,1,0,0,1,1,1,1,1,1,1,1,1,1,1,1,1
2014,"9",929,72,176.072,16.165,1274.4,10892381,8048438,-1.3,3,"Autumn",0,0,0,-0.114394661582459,-0.172413793103448,0.077502691065662,-0.114394661582459,-0.172413793103448,8.52889740085294e-05,6.61012500389033e-06,0.000115426123677663,1,0,0,1,1,1,1,1,1,1,1,1,1,1,1,1
2014,"10",992,72,176.072,16.165,1274.4,10892381,8048438,-1.3,4,"Autumn",0,0,0,0.0678148546824543,0,0.0725806451612903,0.0678148546824543,0,9.10728333869335e-05,6.61012500389033e-06,0.000123253729481422,1,0,0,1,1,1,1,1,1,1,1,1,1,1,1,1
2014,"11",877,63,176.072,16.165,1274.4,10892381,8048438,-1.3,4,"Autumn",0,0,0,-0.115927419354839,-0.125,0.0718358038768529,-0.115927419354839,-0.125,8.05149948390531e-05,5.78385937840404e-06,0.000108965242696782,1,0,0,1,1,1,1,1,1,1,1,1,1,1,1,1
2014,"12",897,74,176.072,16.165,1274.4,10892381,8048438,-1.3,4,"Winter",0,1,0,0.0228050171037628,0.174603174603175,0.0824972129319955,0.0228050171037628,0.174603174603175,8.23511406734671e-05,6.79373958733173e-06,0.000111450196920197,1,0,0,1,1,1,1,1,1,1,1,1,1,1,1,1
2015,"1",762,57,175.363,16.206,1197,10820912,8076431,-1.7,1,"Winter",0,1,1,-0.150501672240803,-0.22972972972973,0.0748031496062992,-0.150501672240803,-0.22972972972973,7.0419203113379e-05,5.26757818564646e-06,9.43486052193104e-05,1,0,0,1,1,1,1,1,1,1,1,1,1,1,1,1
2015,"2",700,52,175.363,16.206,1197,10820912,8076431,-1.7,1,"Winter",0,1,0,-0.0813648293963255,-0.087719298245614,0.0742857142857143,-0.0813648293963255,-0.087719298245614,6.46895566658337e-05,4.80550992374765e-06,8.66719470518599e-05,1,0,0,1,1,1,1,1,1,1,1,1,1,1,1,1
2015,"3",770,55,175.363,16.206,1197,10820912,8076431,-1.7,1,"Spring",0,0,0,0.1,0.0576923076923077,0.0714285714285714,0.1,0.0576923076923077,7.11585123324171e-05,5.08275088088693e-06,9.53391417570459e-05,1,0,0,1,1,1,1,1,1,1,1,1,1,1,1,1
2015,"4",942,67,175.363,16.206,1197,10820912,8076431,-1.7,2,"Spring",0,0,0,0.223376623376623,0.218181818181818,0.0711252653927813,0.223376623376623,0.218181818181818,8.70536605417362e-05,6.19171470944408e-06,0.00011663567731836,1,0,0,1,1,1,1,1,1,1,1,1,1,1,1,1
2015,"5",1065,62,175.363,16.206,1197,10820912,8076431,-1.7,2,"Spring",0,0,1,0.130573248407643,-0.0746268656716418,0.0582159624413146,0.130573248407643,-0.0746268656716418,9.8420539784447e-05,5.72964644754527e-06,0.000131865176586044,1,0,0,1,1,1,1,1,1,1,1,1,1,1,1,1
2015,"6",1006,69,175.363,16.206,1197,10820912,8076431,-1.7,2,"Summer",1,0,1,-0.0553990610328638,0.112903225806452,0.0685884691848907,-0.0553990610328638,0.112903225806452,9.2968134294041e-05,6.37654201420361e-06,0.000124559969620244,1,0,0,1,1,1,1,1,1,1,1,1,1,1,1,1
2015,"7",1171,76,175.363,16.206,1197,10820912,8076431,-1.7,3,"Summer",1,0,0,0.164015904572565,0.101449275362319,0.0649017933390265,0.164015904572565,0.101449275362319,0.000108216386936702,7.02343758086195e-06,0.00014498978571104,1,0,0,1,1,1,1,1,1,1,1,1,1,1,1,1
2015,"8",1030,96,175.363,16.206,1197,10820912,8076431,-1.7,3,"Summer",1,0,0,-0.120409906063194,0.263157894736842,0.0932038834951456,-0.120409906063194,0.263157894736842,9.51860619511553e-05,8.8717106284572e-06,0.000127531579233451,1,0,0,1,1,1,1,1,1,1,1,1,1,1,1,1
2015,"9",970,64,175.363,16.206,1197,10820912,8076431,-1.7,3,"Autumn",0,0,0,-0.058252427184466,-0.333333333333333,0.065979381443299,-0.058252427184466,-0.333333333333333,8.96412428083696e-05,5.9144737523048e-06,0.000120102555200434,1,0,0,1,1,1,1,1,1,1,1,1,1,1,1,1
2015,"10",921,59,175.363,16.206,1197,10820912,8076431,-1.7,4,"Autumn",0,0,0,-0.0505154639175258,-0.078125,0.0640608034744843,-0.0505154639175258,-0.078125,8.51129738417612e-05,5.45240549040598e-06,0.000114035518906804,1,0,0,1,1,1,1,1,1,1,1,1,1,1,1,1
2015,"11",1002,60,175.363,16.206,1197,10820912,8076431,-1.7,4,"Autumn",0,0,0,0.0879478827361563,0.0169491525423729,0.0598802395209581,0.0879478827361563,0.0169491525423729,9.2598479684522e-05,5.54481914278575e-06,0.000124064701351377,1,0,0,1,1,1,1,1,1,1,1,1,1,1,1,1
2015,"12",1101,76,175.363,16.206,1197,10820912,8076431,-1.7,4,"Winter",0,1,0,0.0988023952095808,0.266666666666667,0.0690281562216167,0.0988023952095808,0.266666666666667,0.000101747431270118,7.02343758086195e-06,0.000136322591005854,1,0,0,1,1,1,1,1,1,1,1,1,1,1,1,1
2016,"1",810,64,174.448,16.189,1130.9,10775979,8172948,-0.8,1,"Winter",0,1,1,-0.264305177111717,-0.157894736842105,0.0790123456790123,-0.264305177111717,-0.157894736842105,7.51671843458492e-05,5.93913555325228e-06,9.91074456854491e-05,1,0,0,1,1,1,1,1,1,1,1,1,1,1,1,1
2016,"2",769,57,174.448,16.189,1130.9,10775979,8172948,-0.8,1,"Winter",0,1,0,-0.0506172839506173,-0.109375,0.0741222366710013,-0.0506172839506173,-0.109375,7.1362425632047e-05,5.28954260211532e-06,9.40908959655684e-05,1,0,0,1,1,1,1,1,1,1,1,1,1,1,1,1
2016,"3",864,54,174.448,16.189,1130.9,10775979,8172948,-0.8,1,"Spring",0,0,0,0.123537061118335,-0.0526315789473684,0.0625,0.123537061118335,-0.0526315789473684,8.01783299689058e-05,5.01114562305662e-06,0.000105714608731146,1,0,0,1,1,1,1,1,1,1,1,1,1,1,1,1
2016,"4",1043,68,174.448,16.189,1130.9,10775979,8172948,-0.8,2,"Spring",0,0,0,0.207175925925926,0.259259259259259,0.0651965484180249,0.207175925925926,0.259259259259259,9.67893497194083e-05,6.31033152533055e-06,0.000127616130678918,1,0,0,1,1,1,1,1,1,1,1,1,1,1,1,1
2016,"5",997,76,174.448,16.189,1130.9,10775979,8172948,-0.8,2,"Spring",0,0,1,-0.0441035474592522,0.117647058823529,0.0762286860581745,-0.0441035474592522,0.117647058823529,9.25205960405083e-05,7.05272346948709e-06,0.000121987806602954,1,0,0,1,1,1,1,1,1,1,1,1,1,1,1,1
2016,"6",1022,69,174.448,16.189,1130.9,10775979,8172948,-0.8,2,"Summer",1,0,0,0.0250752256770311,-0.0921052631578947,0.0675146771037182,0.0250752256770311,-0.0921052631578947,9.48405708659974e-05,6.40313051835012e-06,0.000125046678383369,1,0,0,1,1,1,1,1,1,1,1,1,1,1,1,1
2016,"7",1094,79,174.448,16.189,1130.9,10775979,8172948,-0.8,3,"Summer",1,0,0,0.0704500978473581,0.144927536231884,0.0722120658135283,0.0704500978473581,0.144927536231884,0.000101522098363406,7.33112044854579e-06,0.000133856229110965,1,0,0,1,1,1,1,1,1,1,1,1,1,1,1,1
2016,"8",923,81,174.448,16.189,1130.9,10775979,8172948,-0.8,3,"Summer",1,0,0,-0.156307129798903,0.0253164556962025,0.0877573131094258,-0.156307129798903,0.0253164556962025,8.56534705570603e-05,7.51671843458492e-06,0.000112933546132925,1,0,0,1,1,1,1,1,1,1,1,1,1,1,1,1
2016,"9",947,69,174.448,16.189,1130.9,10775979,8172948,-0.8,3,"Autumn",0,0,0,0.0260021668472373,-0.148148148148148,0.0728616684266103,0.0260021668472373,-0.148148148148148,8.78806463895299e-05,6.40313051835012e-06,0.000115870063042124,1,0,0,1,1,1,1,1,1,1,1,1,1,1,1,1
2016,"10",989,84,174.448,16.189,1130.9,10775979,8172948,-0.8,4,"Autumn",0,0,0,0.044350580781415,0.217391304347826,0.0849342770475228,0.044350580781415,0.217391304347826,9.17782040963517e-05,7.79511541364362e-06,0.000121008967633221,1,0,0,1,1,1,1,1,1,1,1,1,1,1,1,1
2016,"11",978,65,174.448,16.189,1130.9,10775979,8172948,-0.8,4,"Autumn",0,0,0,-0.0111223458038423,-0.226190476190476,0.0664621676891615,-0.0111223458038423,-0.226190476190476,9.07574151731365e-05,6.03193454627185e-06,0.000119663064049839,1,0,0,1,1,1,1,1,1,1,1,1,1,1,1,1
2016,"12",882,58,174.448,16.189,1130.9,10775979,8172948,-0.8,4,"Winter",0,1,0,-0.098159509202454,-0.107692307692308,0.0657596371882086,-0.098159509202454,-0.107692307692308,8.18487118432581e-05,5.38234159513488e-06,0.000107916996413045,1,0,0,1,1,1,1,1,1,1,1,1,1,1,1,1
2017,"1",645,54,177.378,16.493,1027,10754688,8262896,1.1,1,"Winter",0,1,1,-0.268707482993197,-0.0689655172413793,0.0837209302325581,-0.268707482993197,-0.0689655172413793,5.99738458242582e-05,5.02106616203092e-06,7.80597988889126e-05,1,0,1,1,1,1,1,1,1,1,1,1,1,1,1,1
2017,"2",757,56,177.378,16.493,1027,10754688,8262896,1.1,1,"Winter",0,1,0,0.173643410852713,0.037037037037037,0.0739762219286658,0.173643410852713,0.037037037037037,7.03879089751372e-05,5.20703157543947e-06,9.16143686184602e-05,1,0,1,1,1,1,1,1,1,1,1,1,1,1,1,1
2017,"3",758,41,177.378,16.493,1027,10754688,8262896,1.1,1,"Spring",0,0,0,0.00132100396301189,-0.267857142857143,0.054089709762533,0.00132100396301189,-0.267857142857143,7.04808916818414e-05,3.81229097487533e-06,9.1735391562474e-05,1,0,1,1,1,1,1,1,1,1,1,1,1,1,1,1
2017,"4",886,51,177.378,16.493,1027,10754688,8262896,1.1,2,"Spring",0,0,0,0.168865435356201,0.24390243902439,0.0575620767494357,0.168865435356201,0.24390243902439,8.23826781399888e-05,4.74211804191809e-06,0.000107226328396243,1,0,1,1,1,1,1,1,1,1,1,1,1,1,1,1
2017,"5",969,52,177.378,16.493,1027,10754688,8262896,1.1,2,"Spring",0,0,1,0.0936794582392776,0.0196078431372549,0.0536635706914345,0.0936794582392776,0.0196078431372549,9.01002427964438e-05,4.83510074862237e-06,0.00011727123274939,1,0,1,1,1,1,1,1,1,1,1,1,1,1,1,1
2017,"6",998,63,177.378,16.493,1027,10754688,8262896,1.1,2,"Summer",1,0,0,0.0299277605779154,0.211538461538462,0.06312625250501,0.0299277605779154,0.211538461538462,9.27967412908678e-05,5.85791052236941e-06,0.00012078089812579,1,0,1,1,1,1,1,1,1,1,1,1,1,1,1,1
2017,"7",1050,73,177.378,16.493,1027,10754688,8262896,1.1,3,"Summer",1,0,0,0.0521042084168337,0.158730158730159,0.0695238095238095,0.0521042084168337,0.158730158730159,9.76318420394901e-05,6.78773758941217e-06,0.000127074091214509,1,0,1,1,1,1,1,1,1,1,1,1,1,1,1,1
2017,"8",923,76,177.378,16.493,1027,10754688,8262896,1.1,3,"Summer",1,0,0,-0.120952380952381,0.0410958904109589,0.0823401950162514,-0.120952380952381,0.0410958904109589,8.5823038288047e-05,7.066685709525e-06,0.000111704177324754,1,0,1,1,1,1,1,1,1,1,1,1,1,1,1,1
2017,"9",1034,78,177.378,16.493,1027,10754688,8262896,1.1,3,"Autumn",0,0,0,0.120260021668472,0.0263157894736842,0.0754352030947776,0.120260021668472,0.0263157894736842,9.61441187322217e-05,7.25265112293355e-06,0.000125137724110288,1,0,1,1,1,1,1,1,1,1,1,1,1,1,1,1
2017,"10",1056,70,177.378,16.493,1027,10754688,8262896,1.1,4,"Autumn",0,0,0,0.0212765957446809,-0.102564102564103,0.0662878787878788,0.0212765957446809,-0.102564102564103,9.81897382797158e-05,6.50878946929934e-06,0.000127800228878592,1,0,1,1,1,1,1,1,1,1,1,1,1,1,1,1
2017,"11",857,52,177.378,16.493,1027,10754688,8262896,1.1,4,"Autumn",0,0,0,-0.18844696969697,-0.257142857142857,0.0606767794632439,-0.18844696969697,-0.257142857142857,7.96861796455648e-05,4.83510074862237e-06,0.000103716663019842,1,0,1,1,1,1,1,1,1,1,1,1,1,1,1,1
2017,"12",915,65,177.378,16.493,1027,10754688,8262896,1.1,4,"Winter",0,1,0,0.0676779463243874,0.25,0.0710382513661202,0.0676779463243874,0.25,8.50791766344128e-05,6.04387593577796e-06,0.000110735993772643,1,0,1,1,1,1,1,1,1,1,1,1,1,1,1,1
2018,"1",778,38,180.616,16.828,915,10732887,8236637,0.6,1,"Winter",0,1,1,-0.149726775956284,-0.415384615384615,0.0488431876606684,-0.149726775956284,-0.415384615384615,7.24874863585166e-05,3.54051989925916e-06,9.44560261669902e-05,1,0,1,1,1,1,1,1,1,1,1,1,1,1,1,1
2018,"2",684,37,180.616,16.828,915,10732887,8236637,0.6,1,"Winter",0,1,0,-0.120822622107969,-0.0263157894736842,0.054093567251462,-0.120822622107969,-0.0263157894736842,6.3729358186665e-05,3.44734832296287e-06,8.30436014115955e-05,1,0,1,1,1,1,1,1,1,1,1,1,1,1,1,1
2018,"3",890,69,180.616,16.828,915,10732887,8236637,0.6,1,"Spring",0,0,0,0.301169590643275,0.864864864864865,0.0775280898876405,0.301169590643275,0.864864864864865,8.29227029037015e-05,6.42883876444427e-06,0.000108053808854269,1,0,1,1,1,1,1,1,1,1,1,1,1,1,1,1
2018,"4",869,54,180.616,16.828,915,10732887,8236637,0.6,2,"Spring",0,0,0,-0.0235955056179775,-0.217391304347826,0.0621403912543153,-0.0235955056179775,-0.217391304347826,8.09660998014793e-05,5.03126511999987e-06,0.000105504224600404,1,0,1,1,1,1,1,1,1,1,1,1,1,1,1,1
2018,"5",866,53,180.616,16.828,915,10732887,8236637,0.6,2,"Spring",0,0,1,-0.00345224395857307,-0.0185185185185185,0.0612009237875289,-0.00345224395857307,-0.0185185185185185,8.06865850725904e-05,4.93809354370357e-06,0.000105139998278424,1,0,1,1,1,1,1,1,1,1,1,1,1,1,1,1
2018,"6",939,49,180.616,16.828,915,10732887,8236637,0.6,2,"Summer",1,0,0,0.0842956120092379,-0.0754716981132075,0.0521831735889244,0.0842956120092379,-0.0754716981132075,8.74881101422199e-05,4.5654072385184e-06,0.000114002838779954,1,0,1,1,1,1,1,1,1,1,1,1,1,1,1,1
2018,"7",1016,75,180.616,16.828,915,10732887,8236637,0.6,3,"Summer",1,0,0,0.0820021299254526,0.530612244897959,0.0738188976377953,0.0820021299254526,0.530612244897959,9.46623215170345e-05,6.98786822222204e-06,0.000123351314377458,1,0,1,1,1,1,1,1,1,1,1,1,1,1,1,1
2018,"8",931,70,180.616,16.828,915,10732887,8236637,0.6,3,"Summer",1,0,0,-0.0836614173228346,-0.0666666666666667,0.075187969924812,-0.0836614173228346,-0.0666666666666667,8.67427375318495e-05,6.52201034074057e-06,0.000113031568588005,1,0,1,1,1,1,1,1,1,1,1,1,1,1,1,1
2018,"9",934,58,180.616,16.828,915,10732887,8236637,0.6,3,"Autumn",0,0,0,0.00322234156820623,-0.171428571428571,0.0620985010706638,0.00322234156820623,-0.171428571428571,8.70222522607384e-05,5.40395142518504e-06,0.000113395794909986,1,0,1,1,1,1,1,1,1,1,1,1,1,1,1,1
2018,"10",1010,63,180.616,16.828,915,10732887,8236637,0.6,4,"Autumn",0,0,0,0.0813704496788009,0.0862068965517241,0.0623762376237624,0.0813704496788009,0.0862068965517241,9.41032920592567e-05,5.86980930666651e-06,0.000122622861733496,1,0,1,1,1,1,1,1,1,1,1,1,1,1,1,1
2018,"11",955,63,180.616,16.828,915,10732887,8236637,0.6,4,"Autumn",0,0,0,-0.0544554455445545,0,0.0659685863874346,-0.0544554455445545,0,8.89788553629606e-05,5.86980930666651e-06,0.00011594537916385,1,0,1,1,1,1,1,1,1,1,1,1,1,1,1,1
2018,"12",865,71,180.616,16.828,915,10732887,8236637,0.6,4,"Winter",0,1,0,-0.0942408376963351,0.126984126984127,0.0820809248554913,-0.0942408376963351,0.126984126984127,8.05934134962941e-05,6.61518191703686e-06,0.00010501858950443,1,0,1,1,1,1,1,1,1,1,1,1,1,1,1,1
2019,"1",676,44,185.181,17.272,818.9,10721566,8402294,0.3,1,"Winter",0,1,1,-0.21849710982659,-0.380281690140845,0.0650887573964497,-0.21849710982659,-0.380281690140845,6.30504909450728e-05,4.10387810885089e-06,8.04542188121482e-05,0,0,1,1,1,1,1,1,1,1,1,1,1,1,1,1
2019,"2",693,39,185.181,17.272,818.9,10721566,8402294,0.3,1,"Winter",0,1,0,0.0251479289940828,-0.113636363636364,0.0562770562770563,0.0251479289940828,-0.113636363636364,6.46360802144015e-05,3.6375283237542e-06,8.24774757941105e-05,0,0,1,1,1,1,1,1,1,1,1,1,1,1,1,1
2019,"3",839,39,185.181,17.272,818.9,10721566,8402294,0.3,1,"Spring",0,0,0,0.210678210678211,0,0.0464839094159714,0.210678210678211,0,7.82534939392249e-05,3.6375283237542e-06,9.98536828156692e-05,0,0,1,1,1,1,1,1,1,1,1,1,1,1,1,1
2019,"4",856,50,185.181,17.272,818.9,10721566,8402294,0.3,2,"Spring",0,0,0,0.0202622169249106,0.282051282051282,0.058411214953271,0.0202622169249106,0.282051282051282,7.98390832085537e-05,4.66349785096692e-06,0.000101876939797631,0,0,1,1,1,1,1,1,1,1,1,1,1,1,1,1
2019,"5",978,65,185.181,17.272,818.9,10721566,8402294,0.3,2,"Spring",0,0,1,0.142523364485981,0.3,0.0664621676891615,0.142523364485981,0.3,9.1218017964913e-05,6.062547206257e-06,0.000116396784021126,0,0,1,1,1,1,1,1,1,1,1,1,1,1,1,1
2019,"6",1024,74,185.181,17.272,818.9,10721566,8402294,0.3,2,"Summer",1,0,0,0.0470347648261759,0.138461538461538,0.072265625,0.0470347648261759,0.138461538461538,9.55084359878025e-05,6.90197681943104e-06,0.000121871479384082,0,0,1,1,1,1,1,1,1,1,1,1,1,1,1,1
2019,"7",1073,70,185.181,17.272,818.9,10721566,8402294,0.3,3,"Summer",1,0,0,0.0478515625,-0.0540540540540541,0.065237651444548,0.0478515625,-0.0540540540540541,0.00010007866388175,6.52889699135369e-06,0.000127703220096797,0,0,1,1,1,1,1,1,1,1,1,1,1,1,1,1
2019,"8",969,80,185.181,17.272,818.9,10721566,8402294,0.3,3,"Summer",1,0,0,-0.0969245107176142,0.142857142857143,0.0825593395252838,-0.0969245107176142,0.142857142857143,9.03785883517389e-05,7.46159656154707e-06,0.000115325647971851,0,0,1,1,1,1,1,1,1,1,1,1,1,1,1,1
2019,"9",917,70,185.181,17.272,818.9,10721566,8402294,0.3,3,"Autumn",0,0,0,-0.0536635706914345,-0.125,0.0763358778625954,-0.0536635706914345,-0.125,8.55285505867333e-05,6.52889699135369e-06,0.000109136861909379,0,0,1,1,1,1,1,1,1,1,1,1,1,1,1,1
2019,"10",1020,63,185.181,17.272,818.9,10721566,8402294,0.3,4,"Autumn",0,0,0,0.112322791712105,-0.1,0.0617647058823529,0.112322791712105,-0.1,9.51353561597252e-05,5.87600729221832e-06,0.000121395418917738,0,0,1,1,1,1,1,1,1,1,1,1,1,1,1,1
2019,"11",838,43,185.181,17.272,818.9,10721566,8402294,0.3,4,"Autumn",0,0,0,-0.17843137254902,-0.317460317460317,0.0513126491646778,-0.17843137254902,-0.317460317460317,7.81602239822056e-05,4.01060815183155e-06,9.97346676990831e-05,0,0,1,1,1,1,1,1,1,1,1,1,1,1,1,1
2019,"12",829,51,185.181,17.272,818.9,10721566,8402294,0.3,4,"Winter",0,1,0,-0.0107398568019093,0.186046511627907,0.0615199034981906,-0.0107398568019093,0.186046511627907,7.73207943690315e-05,4.75676780798626e-06,9.8663531649809e-05,0,0,1,1,1,1,1,1,1,1,1,1,1,1,1,1
2020,"1",797,50,167.54,15.66,755,10698590,8530050,-1.2,1,"Winter",0,1,1,-0.0386007237635706,-0.0196078431372549,0.0627352572145546,-0.0386007237635706,-0.0196078431372549,7.44957980444152e-05,4.6735130517199e-06,9.3434387840634e-05,0,0,1,1,1,1,1,1,1,1,1,1,1,1,1,1
2020,"2",853,44,167.54,15.66,755,10698590,8530050,-1.2,1,"Winter",0,1,0,0.0702634880803011,-0.12,0.0515826494724502,0.0702634880803011,-0.12,7.97301326623415e-05,4.11269148551351e-06,9.99994138369646e-05,0,0,1,1,1,1,1,1,1,1,1,1,1,1,1,1
2020,"3",518,26,167.54,15.66,755,10698590,8530050,-1.2,1,"Spring",0,0,0,-0.392731535756155,-0.409090909090909,0.0501930501930502,-0.392731535756155,-0.409090909090909,4.84175952158182e-05,2.43022678689435e-06,6.07264904660582e-05,0,1,1,1,1,1,1,1,1,1,1,1,1,1,1,1
2020,"4",312,23,167.54,15.66,755,10698590,8530050,-1.2,2,"Spring",0,0,0,-0.397683397683398,-0.115384615384615,0.0737179487179487,-0.397683397683398,-0.115384615384615,2.91627214427322e-05,2.14981600379115e-06,3.65765734081277e-05,0,1,1,1,1,1,1,1,1,1,1,1,1,1,1,1
2020,"5",738,52,167.54,15.66,755,10698590,8530050,-1.2,2,"Spring",0,0,1,1.36538461538462,1.26086956521739,0.0704607046070461,1.36538461538462,1.26086956521739,6.89810526433857e-05,4.8604535737887e-06,8.65176640230714e-05,0,1,1,1,1,1,1,1,1,1,1,1,1,1,1,1
2020,"6",898,50,167.54,15.66,755,10698590,8530050,-1.2,2,"Summer",1,0,0,0.21680216802168,-0.0384615384615385,0.0556792873051225,0.21680216802168,-0.0384615384615385,8.39362944088894e-05,4.6735130517199e-06,0.000105274881155445,0,1,1,1,1,1,1,1,1,1,1,1,1,1,1,1
2020,"7",982,57,167.54,15.66,755,10698590,8530050,-1.2,3,"Summer",1,0,0,0.0935412026726058,0.14,0.0580448065173116,0.0935412026726058,0.14,9.17877963357788e-05,5.32780487896069e-06,0.000115122420149941,0,1,1,1,1,1,1,1,1,1,1,1,1,1,1,1
2020,"8",878,68,167.54,15.66,755,10698590,8530050,-1.2,3,"Summer",1,0,0,-0.105906313645621,0.192982456140351,0.0774487471526196,-0.105906313645621,0.192982456140351,8.20668891882014e-05,6.35597775033906e-06,0.000102930229013898,0,1,1,1,1,1,1,1,1,1,1,1,1,1,1,1
2020,"9",995,68,167.54,15.66,755,10698590,8530050,-1.2,3,"Autumn",0,0,0,0.133257403189066,0,0.0683417085427136,0.133257403189066,0,9.3002909729226e-05,6.35597775033906e-06,0.000116646444041946,0,1,1,1,1,1,1,1,1,1,1,1,1,1,1,1
2020,"10",912,65,167.54,15.66,755,10698590,8530050,-1.2,4,"Autumn",0,0,0,-0.0834170854271357,-0.0441176470588235,0.0712719298245614,-0.0834170854271357,-0.0441176470588235,8.5244878063371e-05,6.07556696723587e-06,0.000106916137654527,0,1,1,1,1,1,1,1,1,1,1,1,1,1,1,1
2020,"11",651,51,167.54,15.66,755,10698590,8530050,-1.2,4,"Autumn",0,0,0,-0.286184210526316,-0.215384615384615,0.0783410138248848,-0.286184210526316,-0.215384615384615,6.08491399333931e-05,4.7669833127543e-06,7.63184272073434e-05,0,1,1,1,1,1,1,1,1,1,1,1,1,1,1,1
2020,"12",549,30,167.54,15.66,755,10698590,8530050,-1.2,4,"Winter",0,1,0,-0.15668202764977,-0.411764705882353,0.0546448087431694,-0.15668202764977,-0.411764705882353,5.13151733078845e-05,2.80410783103194e-06,6.43607012854555e-05,0,1,1,1,1,1,1,1,1,1,1,1,1,1,1,1
2021,"1",578,37,184.575,17.347,677.7,10640409,8698421,1.2,1,"Winter",0,1,1,0.0528233151183971,0.233333333333333,0.0640138408304498,0.0528233151183971,0.233333333333333,5.43212201711419e-05,3.4773099417513e-06,6.64488416920726e-05,0,1,1,1,1,1,1,1,1,1,1,1,1,1,1,1
2021,"2",527,31,184.575,17.347,677.7,10640409,8698421,1.2,1,"Winter",0,1,0,-0.0882352941176471,-0.162162162162162,0.0588235294117647,-0.0882352941176471,-0.162162162162162,4.95281713325117e-05,2.91342184308893e-06,6.05857086015956e-05,0,1,1,1,1,1,1,1,1,1,1,1,1,1,1,1
2021,"3",627,35,184.575,17.347,677.7,10640409,8698421,1.2,1,"Spring",0,0,0,0.189753320683112,0.129032258064516,0.0558213716108453,0.189753320683112,0.129032258064516,5.8926306310218e-05,3.28934724219717e-06,7.20820479946878e-05,0,1,1,1,1,1,1,1,1,1,1,1,1,1,1,1
2021,"4",740,36,184.575,17.347,677.7,10640409,8698421,1.2,2,"Spring",0,0,0,0.180223285486443,0.0285714285714286,0.0486486486486487,0.180223285486443,0.0285714285714286,6.9546198835026e-05,3.38332859197424e-06,8.50729115088819e-05,0,1,1,1,1,1,1,1,1,1,1,1,1,1,1,1
2021,"5",974,63,184.575,17.347,677.7,10640409,8698421,1.2,2,"Spring",0,0,1,0.316216216216216,0.75,0.0646817248459959,0.316216216216216,0.75,9.15378346828585e-05,5.92082503595491e-06,0.000111974345688718,0,1,1,1,1,1,1,1,1,1,1,1,1,1,1,1
2021,"6",984,49,184.575,17.347,677.7,10640409,8698421,1.2,2,"Summer",1,0,0,0.0102669404517454,-0.222222222222222,0.0497967479674797,0.0102669404517454,-0.222222222222222,9.24776481806291e-05,4.60508613907604e-06,0.000113123979628027,0,1,1,1,1,1,1,1,1,1,1,1,1,1,1,1
2021,"7",1204,74,184.575,17.347,677.7,10640409,8698421,1.2,3,"Summer",1,0,0,0.223577235772358,0.510204081632653,0.0614617940199336,0.223577235772358,0.510204081632653,0.000113153545131583,6.9546198835026e-06,0.000138415926292829,0,1,1,1,1,1,1,1,1,1,1,1,1,1,1,1
2021,"8",1019,69,184.575,17.347,677.7,10640409,8698421,1.2,3,"Summer",1,0,0,-0.153654485049834,-0.0675675675675676,0.0677134445534838,-0.153654485049834,-0.0675675675675676,9.57669954228263e-05,6.48471313461729e-06,0.000117147698415609,0,1,1,1,1,1,1,1,1,1,1,1,1,1,1,1
2021,"9",1049,73,184.575,17.347,677.7,10640409,8698421,1.2,3,"Autumn",0,0,0,0.0294406280667321,0.0579710144927536,0.0695900857959962,0.0294406280667321,0.0579710144927536,9.85864359161382e-05,6.86063853372554e-06,0.000120596600233537,0,1,1,1,1,1,1,1,1,1,1,1,1,1,1,1
2021,"10",1047,48,184.575,17.347,677.7,10640409,8698421,1.2,4,"Autumn",0,0,0,-0.00190657769304099,-0.342465753424658,0.0458452722063037,-0.00190657769304099,-0.342465753424658,9.83984732165841e-05,4.51110478929898e-06,0.000120366673445675,0,1,1,1,1,1,1,1,1,1,1,1,1,1,1,1
2021,"11",898,62,184.575,17.347,677.7,10640409,8698421,1.2,4,"Autumn",0,0,0,-0.142311365807068,0.291666666666667,0.0690423162583519,-0.142311365807068,0.291666666666667,8.43952520998018e-05,5.82684368617785e-06,0.000103237127749967,0,1,1,1,1,1,1,1,1,1,1,1,1,1,1,1
2021,"12",807,47,184.575,17.347,677.7,10640409,8698421,1.2,4,"Winter",0,1,0,-0.101336302895323,-0.241935483870968,0.0582403965303594,-0.101336302895323,-0.241935483870968,7.58429492700892e-05,4.41712343952192e-06,9.27754589022536e-05,0,1,1,1,1,1,1,1,1,1,1,1,1,1,1,1
2022,"1",642,54,207.854,19.647,588.2,10579183,8882981,9.6,1,"Winter",0,1,1,-0.204460966542751,0.148936170212766,0.0841121495327103,-0.204460966542751,0.148936170212766,6.06852154840312e-05,5.10436391921758e-06,7.22730353695454e-05,0,1,1,1,1,1,1,1,1,1,1,1,1,1,1,1
2022,"2",708,31,207.854,19.647,588.2,10579183,8882981,9.6,1,"Winter",0,1,0,0.102803738317757,-0.425925925925926,0.0437853107344633,0.102803738317757,-0.425925925925926,6.69238824964083e-05,2.93028299066194e-06,7.97029735851062e-05,0,1,1,1,1,1,1,1,1,1,1,1,1,1,1,1
2022,"3",729,32,207.854,19.647,588.2,10579183,8882981,9.6,1,"Spring",0,0,0,0.0296610169491525,0.032258064516129,0.0438957475994513,0.0296610169491525,0.032258064516129,6.89089129094373e-05,3.02480824842523e-06,8.20670448355119e-05,0,1,1,1,1,1,1,1,1,1,1,1,1,1,1,1
2022,"4",946,59,207.854,19.647,588.2,10579183,8882981,9.6,2,"Spring",0,0,0,0.297668038408779,0.84375,0.0623678646934461,0.297668038408779,0.84375,8.9420893844071e-05,5.57699020803402e-06,0.000106495781089704,0,1,1,1,1,1,1,1,1,1,1,1,1,1,1,1
2022,"5",941,54,207.854,19.647,588.2,10579183,8882981,9.6,2,"Spring",0,0,1,-0.00528541226215645,-0.0847457627118644,0.0573857598299681,-0.00528541226215645,-0.0847457627118644,8.89482675552545e-05,5.10436391921758e-06,0.000105932906982465,0,1,1,1,1,1,1,1,1,1,1,1,1,1,1,1
2022,"6",1009,58,207.854,19.647,588.2,10579183,8882981,9.6,2,"Summer",1,0,0,0.0722635494155154,0.0740740740740741,0.0574826560951437,0.0722635494155154,0.0740740740740741,9.53759850831581e-05,5.48246495027073e-06,0.000113587994840921,0,0,1,1,1,1,1,1,1,1,1,1,1,1,1,1
2022,"7",923,68,207.854,19.647,588.2,10579183,8882981,9.6,3,"Summer",1,0,0,-0.0852329038652131,0.172413793103448,0.0736728060671723,-0.0852329038652131,0.172413793103448,8.72468129155153e-05,6.42771752790362e-06,0.000103906560196403,0,0,1,1,1,1,1,1,1,1,1,1,1,1,1,1
2022,"8",793,54,207.854,19.647,588.2,10579183,8882981,9.6,3,"Summer",1,0,0,-0.140845070422535,-0.205882352941176,0.0680958385876419,-0.140845070422535,-0.205882352941176,7.49585294062878e-05,5.10436391921758e-06,8.92718334081768e-05,0,0,1,1,1,1,1,1,1,1,1,1,1,1,1,1
2022,"9",991,63,207.854,19.647,588.2,10579183,8882981,9.6,3,"Autumn",0,0,0,0.24968474148802,0.166666666666667,0.0635721493440969,0.24968474148802,0.166666666666667,9.36745304434189e-05,5.95509123908718e-06,0.000111561648054859,0,0,1,1,1,1,1,1,1,1,1,1,1,1,1,1
2022,"10",1025,73,207.854,19.647,588.2,10579183,8882981,9.6,4,"Autumn",0,0,0,0.0343087790110999,0.158730158730159,0.0712195121951219,0.0343087790110999,0.158730158730159,9.68883892073707e-05,6.90034381672006e-06,0.000115389191984087,0,0,1,1,1,1,1,1,1,1,1,1,1,1,1,1
2022,"11",913,54,207.854,19.647,588.2,10579183,8882981,9.6,4,"Autumn",0,0,0,-0.109268292682927,-0.26027397260274,0.0591456736035049,-0.109268292682927,-0.26027397260274,8.63015603378824e-05,5.10436391921758e-06,0.000102780811981924,0,0,1,1,1,1,1,1,1,1,1,1,1,1,1,1
2022,"12",867,54,207.854,19.647,588.2,10579183,8882981,9.6,4,"Winter",0,1,0,-0.0503833515881709,0,0.0622837370242214,-0.0503833515881709,0,8.19533984807711e-05,5.10436391921758e-06,9.76023701953207e-05,0,0,1,1,1,1,1,1,1,1,1,1,1,1,1,1
